TCGA-EL-A3CN-01A;TCGA-BJ-A4O8-01A;TCGA-ET-A39N-01A;TCGA-EM-A2P3-01A;TCGA-IM-A3ED-01A;TCGA-DJ-A2PX-01A;TCGA-DE-A4MC-01A;TCGA-EL-A3T2-01A;TCGA-ET-A3BT-01A;TCGA-DE-A0Y2-01A;TCGA-DE-A4MB-01A;TCGA-FY-A76V-01A;TCGA-BJ-A2NA-01A;TCGA-DJ-A3V5-01A;TCGA-BJ-A0Z5-01A;TCGA-DJ-A3VA-01A;TCGA-ET-A39S-01A;TCGA-EL-A4K7-01A;TCGA-DJ-A3VM-01A;TCGA-DJ-A2Q3-01A;TCGA-EM-A2OW-01A;TCGA-ET-A2N5-01A;TCGA-DJ-A2Q7-01A;TCGA-EL-A3H5-01A;TCGA-FY-A4B3-01A;TCGA-FY-A4B0-01A;TCGA-FK-A3SD-01A;TCGA-EL-A4KI-01A;TCGA-DJ-A2PX-01A;TCGA-EL-A3CV-01A;TCGA-DJ-A3VB-01A;TCGA-ET-A25K-01A;TCGA-DJ-A3V2-01A;TCGA-EM-A22K-01A;TCGA-DO-A1JZ-01A;TCGA-EM-A22Q-01A;TCGA-CE-A484-01A;TCGA-J8-A3O2-01A;TCGA-L6-A4EP-01A;TCGA-EL-A3T9-01A;TCGA-DJ-A3VL-01A;TCGA-H2-A3RH-01A;TCGA-MK-A4N7-01A;TCGA-J8-A4HW-01A;TCGA-CE-A481-01A;TCGA-EL-A3TA-01A;TCGA-EL-A3CP-01A;TCGA-EM-A2CT-01A;TCGA-EM-A3AL-01A;TCGA-ET-A3DO-01A;TCGA-DJ-A3UP-01A;TCGA-E8-A242-01A;TCGA-EM-A2P0-01A;TCGA-EM-A22O-01A;TCGA-DJ-A1QF-01A;TCGA-ET-A2N4-01A;TCGA-FE-A3PC-01A;TCGA-BJ-A45F-01A;TCGA-EL-A3ZQ-11A;TCGA-BJ-A3PR-11A;TCGA-KS-A41J-11A;TCGA-EL-A3MY-11A;TCGA-BJ-A2NA-11A;TCGA-EL-A3GZ-11A;TCGA-EL-A3T8-11A;TCGA-EL-A3TB-11A;TCGA-EL-A3ZT-11A;TCGA-DO-A1JZ-11A;TCGA-H2-A2K9-11A;TCGA-EL-A3ZG-11A;TCGA-EL-A3MW-11A;TCGA-BJ-A28R-11A;TCGA-EM-A1YC-11A;TCGA-ET-A2MX-11C;TCGA-BJ-A290-11A;TCGA-EL-A3TA-11A;TCGA-BJ-A2N9-11A;TCGA-BJ-A3PU-11A;TCGA-EM-A1CT-11A;TCGA-EL-A3ZS-11A;TCGA-BJ-A2N7-11A;TCGA-EL-A3ZH-11A;TCGA-ET-A3DW-11A;TCGA-ET-A2N5-11B;TCGA-EM-A3ST-11A;TCGA-EL-A3T1-11A;TCGA-EM-A1CV-11A;TCGA-EM-A1CW-11A;TCGA-EL-A3N3-11A;TCGA-EL-A3MX-11A;TCGA-EL-A3ZL-11A;TCGA-EL-A3ZR-11A;TCGA-EL-A3ZK-11A;TCGA-GE-A2C6-11A;TCGA-BJ-A28W-11A;TCGA-EL-A3ZP-11A;TCGA-EL-A3T7-11A;TCGA-KS-A41I-11A;TCGA-BJ-A28X-11A;TCGA-EL-A3T0-11A;TCGA-EL-A3T6-11A;TCGA-EL-A3H1-11A;TCGA-EL-A3N2-11A;TCGA-E8-A2JQ-11A;TCGA-EM-A1CU-11A;TCGA-EL-A3ZO-11A;TCGA-EL-A3H7-11A;TCGA-KS-A41L-11A;TCGA-EM-A1CS-11A;TCGA-EL-A3H2-11A;TCGA-BJ-A2N8-11A;TCGA-FY-A3TY-11A;TCGA-EL-A3T2-11A;TCGA-EL-A3ZM-11A;TCGA-EL-A3T3-11A;TCGA-ET-A3DP-11A
9.337621901992508;9.35974956032233;9.49585502688717;9.24555270625568;9.60917873814198;9.60177078840771;9.192292814470768;9.164906926675688;9.211888294546004;9.283088353024002;8.73809225962049;8.897845456005511;9.554588851677638;9.330916878114618;9.025139562278508;9.250298417906333;9.022367813028454;8.64745842645492;9.4241662888181;9.952741247186488;9.992938336165814;9.14974711950468;9.909893083770042;8.682994583681683;9.717676423066395;10.490850876740298;9.968666793195208;9.64565843240871;9.60177078840771;9.794415866350104;9.703903573444665;8.471675214392045;9.94104760634058;9.192292814470768;9.157346935362844;7.392317422778761;9.092757140919852;9.278449458220482;8.483815777264256;9.972979786066292;9.084808387804362;9.688250309133178;8.945443836377912;9.603626344986193;9.936637939002573;9.403012023574997;8.710806433699352;9.700439718141093;10.274960472140602;9.689997971419446;9.60177078840771;9.961449694398196;9.047123912114026;7.761551232444479;9.67595703294175;9.60733031374961;8.714245517666123;8.965784284662087;9.23840473932508;9.804131021183318;9.481799431665753;9.26209484537018;9.442943495848729;9.055282435501187;9.233619676759702;9.672425341971495;8.754887502163468;9.118941072723509;9.611024797307351;8.169925001442312;8.939579214314692;9.661778097771988;8.854868383260236;9.312882955284357;9.569855608330949;9.64745842645492;9.935165049603697;9.640244936222343;9.72451385311995;9.564149489985732;9.39231742277876;9.269126679149418;9.447083226209651;9.453270634010623;9.057991722759176;9.581200581924955;8.957102041562287;7.700439718141092;9.7515440590891;9.842350343413807;9.005624549193879;9.139551352398794;9.485829308701904;9.654636028527968;9.560332834212442;9.41574176829009;8.954196310386875;9.7714894695006;10.1357092861044;9.41574176829009;9.489847960439295;9.79603960882977;9.113742166049189;10.20212382383046;8.640244936222345;8.918863237274595;9.154818109052105;9.501837184902296;9.899356922923111;9.620219825507489;10.030667136246942;8.658211482751796;9.434628227636724;9.337621901992508;9.679480099505446;9.257387842692651
15.714808960376228;15.277287400130357;16.44107997769742;15.675019770438348;16.381492255893566;15.283124535732409;15.833433690679843;15.459751783535282;15.715801157675774;15.839966474465504;15.148476582178278;14.008253527096048;15.950555897047511;16.07280253454421;14.896048529897111;15.829004181238506;15.88101833879994;14.199595668955244;14.259081190132113;15.960952189951058;14.896285095453251;14.572167287643708;16.05676470732673;13.785758957209914;15.993336473550263;15.49775829819264;16.018265390772385;14.263856019596082;15.283124535732409;15.835729698605052;16.04298454910378;15.92123658900528;15.993071060835794;15.05379863917489;15.71821176577204;12.59362454970607;14.489597122389307;15.902092427105698;14.876468983831543;15.779668063878946;13.9762060901486;15.95183108688825;16.43505164444166;16.324039871367216;15.145136088281756;15.023234556845988;15.759342077210922;15.399211156255298;16.067287293829256;15.39157924821793;15.654188473059545;16.381948449395214;16.049210424099552;13.754991860009431;16.129725740454873;14.306560164977428;14.922259183638582;13.927222402724643;15.963392840038406;14.600377553107844;16.18359661550095;16.090608674341276;15.380866867456533;15.462981472451387;15.478548446573452;16.207052461991463;15.805290440031529;16.400662668940345;16.325621677625207;14.875605381852449;16.19834911439086;15.407765663075432;14.782486378978945;15.496572948686955;16.68071663644777;15.967834159685438;16.10470112100432;16.162076570374314;15.850040294276956;12.340128273700588;16.54307714550171;16.263360906611744;15.66266837551754;15.862443642212297;15.08219063136327;15.503794687923309;15.876061236205071;15.381272555711789;15.66041379438262;16.165201436378236;15.675516044082778;15.644644947968796;15.626564618694632;14.756869011549092;13.990990303530822;15.593040911589412;16.003210437026794;14.91564600478507;15.078275920403948;15.78481374010061;15.693677518307336;15.84379840129866;15.713332810280487;15.392988162965136;15.677471904877132;15.38562651473644;16.02524772573819;16.150421637625772;16.251020029107448;15.843234077004007;16.849502841203268;15.615715837490388;15.41131236544125;15.147403695287522;15.916462648854507;16.239150973780703
13.27262978497637;13.003166506665169;12.236911111444602;13.410583848637842;13.70983771240597;13.311322594732095;13.71681946132995;13.754365599672196;13.4248223873518;13.443461612227392;13.177108041703692;12.7515440590891;13.230320715661112;13.53503231452927;12.852139328187244;13.488969836392693;12.947636937951827;11.373952655370193;13.349142980047198;14.002023847481446;13.024620264759832;12.399811959325683;13.524541715035848;12.794821973331224;13.227315099905493;13.198138052401116;12.74188827273525;12.241089378860856;13.311322594732095;13.597936149095696;13.185804615108458;12.71037597120447;13.11423036019097;13.197677446307418;13.210823518780844;10.473705749619416;12.498849206531723;13.25089053572334;11.693486957499324;13.671209323704815;12.275251543470327;13.235415935602528;13.47699928613306;13.193987293919182;13.225056771699682;12.729195859132094;13.230771018439848;13.456226055746944;13.874405076409488;12.960545013211664;13.49797654586254;13.43215037791784;13.507051302247916;11.673750739438065;14.22204015786482;12.769217996126503;12.148794321424337;12.303209948944776;13.485326189240524;11.701306461958623;13.56379210712418;13.513850940118791;12.81678367937856;13.360572781480696;13.313449940963055;13.43827205612483;13.386670859637618;13.187042714339894;13.909143047339898;11.529918528120325;13.524051918717824;13.25797705856398;12.114393054867309;12.844901876019785;14.000528233986822;13.7238742188639;13.031701202740305;13.59735425297161;13.264442600226602;10.8193807908646;13.54978466794786;13.336646024747372;13.117967703717133;13.261213451366048;12.32895536178133;13.313449940963055;13.061539958530144;13.193371349821495;13.928795932261515;13.662557120839184;13.666667840690357;13.295625461192714;13.094242668809017;12.936453910041177;11.14210705730255;13.215381320721084;13.413098984915264;13.005273656563938;13.661889412539288;13.243769031961852;13.032390168866524;13.496354488564617;13.699138625275914;13.285257710919934;13.219319801859132;13.20074537950159;13.213559927476458;13.173833263682058;12.97656412341533;13.61114009761038;14.147363943409283;13.376939321619846;13.782793498733351;12.720458038393296;13.325867580575418;13.673640336144274
10.878050912728536;11.491352073563435;10.949097155729207;12.0911047583765;11.534789211480266;11.664891669286089;10.181152256865566;10.74819284958946;11.310044679647506;9.372865060112588;8.800899899920305;9.902375114486023;11.377210530388552;11.78953364497036;10.294620748891628;11.117643101389092;10.669770888525518;10.642954223480332;9.469641817239516;11.31174831500496;9.14974711950468;9.837627933171404;12.842153884634872;10.0566377151132;11.06339508128851;6.894817763307944;8.787902559391432;10.709083812550343;11.664891669286089;11.081483438093674;12.020632761657708;10.41256984680521;12.66200071871848;9.691743519171276;10.134426320220928;10.038918989292302;11.559855041513623;11.442425193331609;11.488342277532524;11.4189067312579;10.303780748177102;11.474212937193943;13.439830883981392;10.466586337719244;10.501837184902296;11.57601187420678;12.26209484537018;7.515699838284043;7.05528243550119;10.929258408636972;10.8193807908646;11.0566377151132;10.554588851677638;9.422064766172811;12.396069557639867;11.16804526822409;10.640244936222343;10.130570562805426;10.861862340059153;11.162391328756906;10.83289001416474;9.693486957499324;11.194756854422248;9.409390936137704;10.542064542283445;10.105908508571158;10.002815015607052;9.871905237659186;11.54882190845875;9.400879436282183;10.034798962577268;11.61194694181998;10.41679752760606;10.326429487122304;10.269126679149418;10.852529509404196;12.4542992936199;10.400879436282183;10.030667136246942;12.079818085212354;10.788718332690458;10.353146825498085;9.73978060977326;10.496853777388042;9.533329732305834;11.066761932386909;9.90388184573618;9.430452551665532;11.637530551525307;10.579315937580017;10.838416075797335;10.074141462752506;11.28886607416582;11.456354415108288;8.703903573444663;11.768597882194374;10.987974524296153;12.543273538449805;13.25915476886684;11.096715154488535;11.37937836707126;11.156715144224702;10.572700226487292;12.735132884139947;10.118941072723509;9.581200581924955;10.668884984266247;10.577428828035748;9.782998208920414;10.430452551665532;11.29117069932186;9.871905237659186;9.590587049915037;8.974414589805527;10.562242424221072;9.957102041562289
12.155766938445652;11.895953892812168;12.33399388276136;11.817783121774534;11.929998062609029;11.98299357469431;12.463013413449692;11.682994583681683;12.023061249735337;11.817783121774534;11.665335917185176;11.3157156580222;12.140829770773;11.938844457466171;11.690871009292314;12.608947814565514;11.3009244909763;11.977995368612962;11.902375114486023;12.04746477331842;11.145932145820517;10.89178370321831;12.218865910069676;11.223398414711628;12.373137035802127;11.653740778706569;12.494855584491198;13.82356627364535;11.98299357469431;11.938476938666351;13.455969302758032;11.318542809702723;12.1767964781476;11.36796070964157;12.154501693864765;10.094077685671904;11.592924155627635;11.919980595048962;11.954559846999834;12.591989767615123;11.683871868622605;12.728558297786716;11.717676423066395;12.037546953962178;12.353422543614716;12.042343379793692;10.876516946565;11.665780028329484;11.589651146514786;11.86611979330307;12.3297963382207;13.107544031975989;11.64880694972577;10.112439506781552;11.511258495502268;11.54978466794786;11.728345714710976;11.364134655008051;11.338736382573916;12.062383491876334;10.94397991434374;10.799281621521924;10.493855449240822;10.067434360756522;10.760719947465624;10.79766152585376;10.286557761607956;10.083479327331842;10.676838606474153;10.449148645375436;10.578372691360803;10.531381460516313;10.638435913990472;10.926295994781112;10.981567281903017;11.241387363998935;11.322491537597468;11.243769031961852;10.854089179870574;11.581200581924955;10.778898476008376;11.02997734658958;10.63117705570398;10.857203471508166;11.082814337672271;10.851749041416058;10.526499239136566;9.489847960439295;11.040289721025715;11.252074042796185;10.733015321685963;10.938844457466171;10.810571634741146;10.480790201095816;11.660441650209172;10.826548487290914;10.708221730038352;11.1767964781476;11.271463027904376;10.77561028075954;10.987264012072538;10.922584402713664;10.725366257895642;10.926295994781112;10.15608307628868;10.91139198784346;10.825753832883112;11.29232163280204;10.99929538702341;10.828136484194108;10.878817284614229;10.323054760341646;10.762382038710392;10.715104009236168;11.124121311829189;10.497851836951115
11.330356716957944;11.0;9.667111542075029;11.203348002979762;12.2103669456326;13.058668250340572;11.491352073563435;14.262902317111298;12.017156386383112;12.71488943423155;13.275542556086725;12.338457843130849;11.31174831500496;11.791162888555018;10.234817431117325;12.557942286787448;13.464290473850768;12.464290473850768;10.470658874060552;11.325867580575418;10.841564347730577;13.582730044700748;12.140829770773;12.049848549450562;12.66644593881483;11.092096414990792;13.87987038167481;14.515515055057293;13.058668250340572;12.635264656539514;13.778487861222372;11.313449940963055;11.11178773580101;11.981210488271694;10.113742166049189;10.806549621985962;12.192292814470768;13.079484783826816;10.758223214726724;12.530893981193922;13.13747150335196;12.83110927535702;11.378836713210614;10.892542816648552;11.144020869266893;13.054434738760843;10.967226258835993;14.320165916775409;11.367414751246828;11.84901407369482;12.817383427897232;13.686609950751922;12.23212108408222;9.224001674198105;10.32755264408124;12.226412192788786;11.12605911607068;10.8649599151426;13.944986520293032;13.116343961237469;12.317129926384542;13.982369745096536;12.031701202740305;12.035830072835015;12.619761463298424;12.532112370794998;13.070120944476823;12.151967870968187;13.250002267840449;12.367687756270046;12.898601387403938;11.430975172588068;12.391243589427445;12.1331422124006;11.233619676759702;14.721259431774518;13.10443495055075;12.58941707576861;12.715318552331349;13.125252013928852;13.790959333698824;13.619073646817748;11.21856323619027;13.43306376512207;11.588246152044816;14.330566802880345;13.639340708652233;12.766735939529964;13.34179677239183;12.33147682185962;14.639623340652529;13.749974148845798;12.3701424794954;12.722380635163802;13.003869231979056;13.148158772937894;13.943338981049395;12.322491537597468;12.934612328171395;12.66222330531784;15.53107680524311;13.050868963290736;13.588246152044816;13.101647450030766;12.735767547266637;14.658769347899648;15.613847005405518;13.493980504070432;11.509775004326936;11.812979471251484;11.823367240046236;14.026955633002878;14.221285017810471;13.809768128710411;12.375039431346924;14.81818270494864
13.80332391904149;13.339432495996776;12.930182916865272;13.715640307164684;14.204876767603992;13.738514532429267;14.191599044300682;12.842743180731658;14.100169531129907;14.425084743242849;13.363450361943528;13.29332794695636;14.160659307217385;14.030322282644034;13.47395936569476;14.18541749109806;13.506431561252567;11.93258386928929;12.754678763822527;14.535093083891375;13.14561377551339;13.303209948944776;13.4806639976193;12.7300455028792;13.696424240578878;13.191830338095308;13.032562359001108;12.013322673425447;13.738514532429267;14.149032579943643;14.021413793008133;13.154185209265297;13.61895897884957;12.714030814928783;13.933229597442672;9.668884984266247;11.99506046703272;13.65150022065274;12.393658591454772;13.574711776183287;12.674412981837063;13.984151400205205;13.947819546020028;13.874981347653774;13.905951035144904;12.945626722229823;13.782281596148096;14.33427328530719;13.742730476519174;13.50444659914958;12.984952427732368;14.427509276164798;14.214243219443867;12.27873982655011;14.898884759593454;12.89954574499535;12.561049226699671;12.94196459298614;13.249261626599845;12.180530807344482;13.51224664282918;13.805844615494482;13.002990771840553;13.255766257128808;13.415345659275324;13.54677390880832;13.200438879597977;13.255618749839597;13.811876378336391;12.026523442519766;13.429145170478744;13.325867580575418;12.322773176454564;12.803727526553114;13.985308297255852;13.474466464132632;12.961630562578824;13.646108641506103;13.54617100226735;10.696098170955864;13.57187112541885;13.33552992757082;13.618041306851776;13.445144206553636;12.456611099574918;13.194756854422248;13.480790201095816;12.981567281903017;13.730151673173312;13.70433597118232;13.305634287546711;13.270587340447513;13.188434307113564;12.808159772868375;11.525031345124;13.18997894863252;13.220982851081777;12.808360915432784;13.35231935484684;13.37232095486726;13.153552031708111;13.80302113929134;13.60813929084344;13.248224089668474;13.338736382573916;13.155766938445652;13.35933777352322;13.30063855399372;13.267518241801469;13.536732889835417;14.225508720236;13.068274455720507;13.30862344513114;12.75258971764099;13.418379719364957;13.517546370010448
11.834866038362016;11.824163209744158;12.765286098723683;11.732167425663384;10.94251450533924;12.153552031708111;12.45763738099176;12.182704710518964;12.501588422932391;12.076147528022505;11.60733031374961;11.645208082774683;12.423641195075856;12.107870914279614;12.275251543470327;12.0744760007345;12.38316426063511;11.95164898590462;12.330076554797458;12.427312844134963;11.858758099935422;11.720671786825555;12.63117705570398;11.474212937193943;12.066089190457772;11.600377553107844;12.909518114296617;12.583082767502932;12.153552031708111;11.908767882849189;12.876900591040306;11.73893668167614;12.223096690347695;12.232720707964871;11.890644283619087;10.582141981658776;12.014717929860009;11.568906154502084;11.483311954999351;11.52258153125483;11.989394499844732;12.161131882984307;11.536247215688128;11.97906787148051;12.212800334429431;12.089119397915168;11.723660944409984;12.183945471757246;12.698487638557692;11.830911279742782;12.33343491528405;12.687375683437468;11.900866807980748;10.532355925288847;12.843724806299154;12.738514532429267;11.453785055496157;12.149111990706889;12.43306376512207;12.298635406734242;12.39419471001943;12.030667136246942;12.1270270430046;12.199672344836364;12.234518085739987;12.492604304386685;12.088125692188209;12.004571615167656;12.390168956200185;11.389631339260522;12.034798962577268;11.883025068440173;12.053586543639174;12.347898144596012;12.733650916838716;12.41415667927414;12.265615046484458;12.654188473059545;12.450695771572915;10.59898297103609;12.484319423644267;12.090112419664289;12.127349541059118;12.491352073563435;12.273212809854334;11.91737207947684;12.44190670454224;11.240791332161956;12.177730967033272;12.82097669262124;12.345959596404112;12.235715094761895;11.798471801101618;11.325305455089682;11.733015321685963;11.669328004395904;12.370687406807216;11.896710815726117;12.187352073200495;12.096715154488535;12.043710863347156;12.220680621052203;12.168358727223886;11.642954223480332;11.760719947465624;12.14433959124784;12.111461739857722;12.286557761607956;12.240195053979924;12.208539206738363;12.709730036543627;12.038918989292302;12.582377235640692;11.860311054919482;12.459431618637296;12.3009244909763
12.875941288497554;12.322773176454564;11.934428040626804;12.57459352733761;12.918117851031772;12.65798827627794;12.30149619498255;12.347621368568134;12.62593709953846;12.731319031025064;11.687375683437468;12.080817527608328;12.929628283024565;12.543515216152167;12.287712379549449;12.587308728333545;12.101975670949232;10.99506046703272;11.643405277115674;13.164906926675688;11.7300455028792;11.888362741170644;12.422853195944263;11.627989784315703;12.47040467706564;11.936637939002573;12.40992124124968;11.262682142362165;12.65798827627794;13.072467608241858;13.404476350847172;11.521600439723729;12.230620933129869;11.946906274456396;11.491352073563435;9.46352437327118;12.031701202740305;12.79380649145577;11.519636252843211;12.306061689428342;12.226713224618962;12.490600213019594;12.513480875979049;11.4757334309664;11.965062756744627;12.011926066306808;12.39660478118186;12.521600439723729;12.870750003346114;12.74588436914204;12.51717725268954;13.07296996854206;12.610794169053182;10.798471801101618;13.11699367754698;12.032734528586714;11.532842910961282;11.381542951184583;12.460711852141213;11.5980525001616;12.60293079091524;12.871327736134008;12.37531099747307;12.301210371298426;12.723447638422918;12.178664851006472;12.222794902868111;11.993646060016596;12.97280033522448;11.43827205612483;12.4655664048094;12.34318571544788;11.82137539237254;12.004922678569043;13.015937673309226;12.357826882210777;12.025831668332026;12.439830883981392;12.621822947394202;11.023754353299417;12.735979039613404;12.250002267840449;12.870557374326417;12.720244258287568;11.828533210455618;11.850186837645774;12.600377553107844;12.334552633752422;12.62844554013718;12.612177385880992;12.824362133569483;12.037203741151972;11.836444911341369;12.340684654363438;10.802516365121225;11.794415866350104;12.27786854617684;11.800495500466813;12.33622758948339;12.271463027904376;12.279900715802762;12.809768128710411;13.456097684964202;12.404875455015208;12.95637615724967;12.23212108408222;12.616319096976865;12.266493756312183;12.220075970984304;12.562480945349316;13.143702076857933;12.06204613772049;12.626393504173995;11.85642552862553;12.502831804066744;12.810370800183728
15.443429235404473;15.194179722532551;13.922770209274663;14.748559767508354;15.378565810000564;15.003166506665169;15.39094142973054;14.874453107805987;14.65234083774931;16.432297211295985;14.359063183678291;14.6476270608134;15.834767301405412;14.72136625059886;14.823118409427485;15.323793656665552;15.17215400825099;14.703525119085612;15.220113769038749;16.192215745369495;13.705092355522472;14.803677081788658;15.54490407781858;13.935901682267588;15.099471098353096;13.669992279616398;14.413958420639227;13.674302629212166;15.003166506665169;15.648975426540328;16.064490169977503;15.207395692946912;14.918304233699931;15.266164302842398;15.82766523001824;13.673750739438065;14.71789058398728;14.089284949013049;14.675019770438348;14.613616827902597;13.883311516379342;16.33497155502746;15.02570192373543;14.56236168971454;15.583552930466483;14.061202407045007;15.024057481432669;14.68118349694458;15.722754176076403;15.138431806276849;15.277178409180236;16.470706531011285;14.946860595698787;12.713816080234498;15.944780680751023;15.48787142917784;14.472563925229863;14.501588422932391;13.279320387942608;13.090608674341276;13.637530551525307;14.081400216090197;13.065416134676548;13.78320289006439;13.401146182153498;13.29619926851494;12.87824254386927;13.918956383482517;13.691089186236532;11.50084187955693;13.651724433108065;12.97710100677111;12.64565843240871;12.955104980216555;14.050783956364931;13.415081526165672;13.296486086615465;13.482303782323182;13.326429487122304;9.850186837645774;13.632200042185133;13.199058823653022;13.523929443651667;13.658546227725854;12.749031382040204;14.038404628941894;13.465056167831175;12.470913026274877;13.79796543240424;14.004044859837435;12.585432051592962;13.07865119332527;13.524419281544802;12.121857245612654;13.11504365016171;13.443202577297011;13.088788238716909;12.398476501449256;12.998766701361516;12.908767882849189;13.20869160678508;14.035658272294071;12.60408986146918;12.798269274949693;12.467860240707878;13.11699367754698;13.221889161471266;13.251186503524336;13.47281774209204;13.618041306851776;14.39332341615394;13.125574908970686;13.101319154423276;12.381542951184583;13.501588422932391;13.746409348239164
12.513974273740658;12.499845887083206;12.262975701227942;12.402212672714642;12.863411958941638;12.66266837551754;12.555308101401328;12.436451292286977;12.724087461793989;12.368779260041338;11.842350343413807;12.094737505048093;12.712312041780274;12.75509621030718;12.257093144491057;12.805542364358724;12.531381460516313;11.820178962415188;12.193525360501216;12.909330593006835;12.24703741878858;12.557703014037768;12.98584193700334;12.430191170191696;12.905010862390297;12.776433032444732;13.22143607744528;12.064405961891042;12.66266837551754;12.699138625275914;13.43280285635187;12.006676715308988;12.923141750621268;12.782588759494963;12.59362454970607;9.654636028527968;12.794821973331224;12.559855041513623;12.25591374933779;12.983171762188007;12.445532219028312;13.045589039297344;12.675516044082778;12.707790495528824;12.61240779313867;12.554588851677638;12.369869938634876;13.12298972285457;13.37775279502222;12.684091106529095;12.70628015884916;12.934980832653832;12.519144787997414;11.212496385193948;13.030149824925717;12.510764167917891;12.090443275081606;12.107870914279614;13.089450481115907;11.83289001416474;13.02167404285837;12.776021715252812;12.45249865769279;12.552188759557149;12.564387696052629;12.876900591040306;12.581435989454384;12.458406613236534;12.910830081296574;12.420223419348645;12.659103963473662;12.59105477403678;12.413892328372643;12.928333307585149;13.132981618529351;13.023407843140218;12.58331786813751;13.077983973962752;13.075980462416286;10.773963368433558;13.245404150930328;13.323477033150423;12.926110641785304;13.027905996569883;12.59269061535341;12.73978060977326;12.59245703726808;12.055960234452296;12.87824254386927;13.029459787824964;13.051208940914766;12.673971520682796;12.627989784315703;12.003517912108602;11.563196272216738;12.448374459662794;12.732803394393494;12.270003253378444;12.40832974076739;12.932399322433792;12.978352958165145;13.090939415984376;12.56652978262417;12.26209484537018;12.389631339260522;12.94982671075911;12.799079209029006;13.116668855967111;13.044735626056909;13.039433166324494;13.59700500260697;12.521845775161932;12.418116141207488;12.969386521342283;12.90048948483465;12.97513145692134
11.382624026574916;11.876133200043016;10.85096815098244;11.700006150882864;12.014369242235135;12.90482275429421;11.36468185586456;12.7238742188639;11.645208082774683;12.745044005034464;10.760719947465624;12.06406908038551;12.28106067167702;12.57104154760109;10.691743519171276;13.28814512315342;12.70865283568653;10.929998062609029;10.658211482751796;11.34207466799914;11.51224664282918;11.335948565202298;13.457765614851754;11.996120363033048;12.388017285345136;10.50382573799575;11.265615046484458;10.293471648838134;12.90482275429421;12.64227737850386;14.2408658496094;11.60177078840771;11.654188473059545;11.183635381473218;13.034455095327186;7.098032082960526;11.34485068394299;13.327131562682846;11.083479327331842;11.73978060977326;11.151650829973422;12.106235761615748;13.849209600569264;11.271463027904376;10.987974524296153;12.508537595347322;11.423641195075856;14.62542347167774;9.831307243802051;11.671541066711884;11.510269670898175;13.643518018493522;11.421538906848276;11.298062567719017;12.180219982170192;11.724940118462358;11.254438148267257;9.715961990255144;14.421078622653663;10.790348496751914;12.680359523513712;11.95746484680521;10.116343961237469;11.3151495622563;12.034111146096592;11.436190995481416;11.91625269881221;10.506803437795648;11.0566377151132;12.55170826162069;13.347067657165873;11.40832974076739;11.031356596255709;12.433585441150496;11.17367713630342;13.506431561252567;11.640696837570092;11.347621368568134;11.020285500844649;12.022020969646356;12.622051819456376;14.533573081389802;11.891024190149498;11.773551346428505;10.925554439873554;14.058414589673388;12.160186576600662;11.281350514981035;13.67087750439698;11.461479447286155;14.459751783535282;13.411775775576528;12.79968636133125;11.111135670234708;8.974414589805527;11.43514933836693;12.45917543555203;13.635264656539514;10.811374693509942;10.849405100947758;15.442263185600936;13.11877889015452;13.056807035580608;10.10459875356437;11.007728114632254;14.79197682089869;15.084060941950035;12.192292814470768;10.75905593916017;10.889503963411476;10.568906154502084;11.948732239819616;12.356451970221755;11.895953892812168;11.350386742312844;14.930275335112052
11.22881869049588;10.742309436084;10.319672120946995;11.051888655905378;11.437231901039478;10.909893083770042;11.539643506238036;11.650154213675094;11.11178773580101;11.52943055414615;10.234817431117325;11.198445041452365;11.366322214245816;11.360298426618046;10.72451385311995;11.572226512793694;10.851749041416058;9.027905996569883;11.328113894833656;11.785043714779723;10.933690654952231;10.970105890612182;11.101319154423276;10.12023787734196;11.011227255423254;11.260919533662904;10.577428828035748;9.83289001416474;10.909893083770042;11.553629293916364;11.214319120800766;10.497851836951115;10.99506046703272;11.365228849251544;11.237807473723135;6.247927513443585;11.111135670234708;11.14274527675153;9.584962500721156;11.159240650411672;10.740624044489412;11.931845540183671;11.112439506781552;11.392854039872873;11.117643101389092;10.381542951184583;11.49735289347705;11.213104219641906;11.658657792126084;10.897089128312755;11.513727595952435;11.159240650411672;11.539158811108033;8.741466986401146;12.001408194392807;10.924070185585345;10.260919533662904;10.90388184573618;11.461479447286155;9.573647187493322;11.647908074281808;11.67065624911844;10.536247215688128;11.236014191900084;11.08746284125034;11.593857938858225;11.419433550705378;11.08746284125034;11.776021715252812;9.933690654952231;11.593857938858225;11.152284842306582;10.517669388133813;11.09077405464075;11.661778097771988;11.519636252843211;10.725366257895642;11.70173963867435;11.48733761520718;8.118941072723507;11.712097051087548;11.76983784362944;11.447083226209651;11.105253779700885;9.99717948093762;10.978710459106358;10.92035285541508;11.157346935362844;11.760304125286382;11.397139806235604;11.719388820942084;11.567956075415466;11.298635406734242;10.772314573921651;8.693486957499324;11.385323176175872;11.50332885662666;10.758223214726724;11.267371931265274;11.619302955415687;11.107217075591382;11.785043714779723;11.698270577692032;10.961449694398196;11.287712379549449;11.197216693110052;11.403544678202014;11.383704292474052;11.23421867823847;11.693051295397;11.995767150877802;11.199672344836364;11.21856323619027;10.979425195331473;11.273212809854334;11.857203471508166
14.863847489523328;13.754261196514;14.483626864533026;13.512370113670189;14.317483276955974;13.28106067167702;14.700439718141093;15.09283971038852;13.844117269587995;15.0668460030749;13.858855208611182;13.861086905995396;14.962082633851564;13.687047562051522;13.661332752795186;14.77112833787518;14.614939847310737;12.647908074281808;13.445273555640638;14.622223449678554;13.113253806651276;13.178976011374523;13.698704666770343;13.176329006617596;15.915459278359846;13.30848124464402;14.76523429173774;13.7688046164558;13.28106067167702;15.229194343418428;15.857543689654038;14.784941508337056;13.202583012749797;13.170863950411928;14.88802971456407;13.356864581418872;11.870364719583405;13.599215495017718;13.515946179109518;14.456033495289171;13.004571615167656;14.9799163711653;13.591639216030144;13.802718295983178;14.072802534544207;13.12815547093924;12.545447181678094;13.4578938373147;13.650154213675094;13.815383295813538;13.991964648645355;15.313449940963055;14.227315099905493;10.391243589427445;14.305848004314882;12.84901407369482;13.01262453886506;13.244066464194818;15.21973574392368;11.465056167831175;12.7737573721398;13.7282394114253;10.358651200892886;10.989394499844732;11.913637428049103;12.762174381993102;11.582141981658776;12.39231742277876;10.618385502258606;11.943247395901553;14.196141029718238;10.923327485419192;12.13699111208023;12.050528905530555;12.673750739438065;14.50624558702854;12.671983272091865;11.782588759494963;12.214926187942435;12.575775579874763;12.738725622493424;14.138511802674932;12.029632328044135;11.377210530388552;10.406205005418856;15.161564941492689;12.561526624136484;10.916625922211235;13.74157231951848;12.607561496354206;14.151175137808572;14.133543618886286;12.99806148563642;11.81698362325538;12.681018739902102;12.887791791341588;14.092674566725234;13.039433166324494;11.554588851677638;12.056299014550335;14.953150632063606;13.560093957642495;13.086302118782552;12.087131301540529;11.375039431346924;14.478769619475765;15.631518131801762;11.881113960675096;12.436451292286977;11.965062756744627;10.290018846932618;10.480790201095816;13.831999919509736;13.072132604167232;12.466076461396252;14.72940831698402
14.55788247232027;15.247964588806026;15.557852564156684;15.303352669926332;16.085825122811293;15.721606564040304;15.581230009966871;16.136330312785574;15.884552133987237;15.492760756843746;15.112805998601354;15.112439506781552;15.7279204545632;15.505997584098557;15.334308206821042;15.563285663142002;15.68255574108031;15.469101214032769;15.695364244739997;15.806197161804947;15.31642296550359;15.519083343118217;16.107932196466972;13.75509621030718;15.808913912928876;15.941001741705112;17.035389792985107;16.313751061496696;15.721606564040304;14.572048830049347;15.873227807398685;15.295338471925628;15.88802971456407;16.08885033685706;15.8120519268184;14.944300274244377;15.971925192582336;15.316635090145462;15.668829597183375;14.096715154488535;16.160974374927935;16.19792695952911;15.788641873536056;16.39902752762304;15.941987510186266;15.537218400538595;15.624738349954836;15.983461269934612;16.608659108106625;14.558659867026508;16.610995970791723;15.704822263779496;15.7777433239162;13.94553528220185;16.179209337616857;15.454684851960144;15.512339246950583;15.49919189314083;17.079297267953322;15.901856811968903;17.381382409984795;16.41172613160987;16.126563325715097;16.36218356348746;16.859182902142923;16.784379243437744;17.127440230649455;16.244438168275632;17.15577681880192;15.526346403176795;16.50481898763284;15.98850717892317;16.908404349191226;17.016177144641983;17.297328285169055;16.88212955188097;16.22622401599265;17.099049821020355;15.956988646210542;12.818382455041156;16.989128360866413;17.126522995427695;16.109443000310264;16.935567942192904;16.739582858413772;15.712661333339431;16.895977552665407;15.928888439397635;16.185320693862266;17.50826677059824;16.324022285996254;16.677169057716114;16.39320608639947;15.055663736593432;14.927500209145649;16.385778160102785;17.423780691742632;16.01878698035644;16.319636843348214;16.148397136431353;16.201626204182613;16.485813588874272;16.44049612044172;15.766684184582392;15.778795833267706;16.28949661089696;15.917045683157154;17.125847295460854;16.944265953371758;16.563643171465788;17.016645087505285;16.882726624679435;16.628274648575864;16.07196507295403;17.01476150988813;15.621078862335493
12.424953571261042;12.750916299978076;12.520127550324853;12.657541759703378;12.253552062637464;12.809768128710411;12.54182262142417;11.9762060901486;12.841957399099549;12.43149760425805;12.276124405274238;12.12605911607068;12.859534786382651;12.998766701361516;12.590353130978018;12.694575537525989;12.75112558336727;13.241089378860856;12.750916299978076;12.87305954766147;12.293471648838134;12.37232095486726;13.223700075986306;11.778077129535358;12.555547771647063;11.418379719364957;12.81698362325538;14.305919236202762;12.809768128710411;12.522826699925806;13.552549028017228;12.002815015607052;12.999471572532684;12.487840033823051;12.982280604558284;12.010528105886484;13.046441948007311;12.570330101030798;13.004922678569043;12.300066509957324;12.980853606379736;13.27539705711621;12.90143260772951;12.41732511767992;12.79766152585376;13.129283016944967;12.405141463136344;13.282798858683533;12.930367747438952;12.442943495848729;12.519144787997414;13.221285017810471;11.934796592178404;11.894817763307945;12.913824390408063;12.750706986224948;12.90820495312589;12.364134655008051;12.804332726187615;13.325024310191417;12.6640027628865;12.5980525001616;12.244066464194818;12.236014191900084;12.676397887044764;12.389900172773064;12.3445733225962;12.213408040858337;12.67529549909406;12.129926933510394;12.189206834597025;12.458150248057557;12.659103963473662;12.589651146514786;12.80634822671225;12.775816012673026;12.83466855769086;12.763627351727628;12.754052367528924;12.056299014550335;12.79197682089869;12.619073646817748;12.534059656450363;12.786473845221302;12.997532347526366;12.324743110494415;12.822172461476178;11.006326078524934;12.492604304386685;13.183945471757246;12.541338657970826;12.450953464712992;12.420223419348645;11.952013164889486;13.058330026205653;12.28886607416582;12.635037871183252;12.496853777388042;12.531137741444716;12.244958393151132;12.705848343508944;12.708221730038352;12.38720958071964;12.298921740969751;12.16679075071818;12.5473765634981;12.409656113059851;12.72749506902543;12.772520776314757;12.241089378860856;13.15813628540764;12.19567978549598;12.458150248057557;12.637756945412145;12.829326335841666;12.817583288677616
7.845490050944375;7.774787059601174;9.197216693110052;8.247927513443585;7.179909090014935;9.935165049603697;7.129283016944966;8.247927513443585;7.3750394313469245;8.027905996569885;8.103287808412022;8.665335917185176;8.339850002884624;8.233619676759702;7.285402218862249;9.34207466799914;7.721099188707186;9.36194377373524;7.665335917185176;7.577428828035749;8.005624549193879;9.467605550082997;9.4797802640291;7.459431618637297;8.228818690495881;9.124121311829189;10.826548487290914;9.264442600226602;9.935165049603697;7.592457037268081;10.29232163280204;7.03342300153745;8.603626344986193;7.499845887083206;8.339850002884624;8.357552004618084;8.98299357469431;9.388017285345136;8.199672344836364;7.285402218862249;11.18239435340453;10.79685079526716;7.569855608330948;8.632995197142957;7.971543553950772;9.337621901992508;8.383704292474052;10.001408194392807;8.794415866350105;7.787902559391432;9.63662462054365;9.324180546618742;7.3750394313469245;6.459431618637297;6.392317422778761;9.54882190845875;8.768184324776927;7.651051691178928;8.308339030139408;10.697836357962377;8.487840033823051;10.837627933171404;8.845490050944376;8.049848549450562;8.707359132080883;9.12670447284319;10.78953364497036;9.447083226209651;11.015415052386688;8.784634845557521;8.149747119504681;8.744833837499545;8.562242424221072;8.405141463136344;8.321928094887362;8.997179480937621;8.335390354693924;8.88264304936184;10.27262978497637;8.800899899920305;10.869593843240784;9.199672344836364;9.036173612553483;12.107217075591382;9.584962500721156;7.584962500721156;10.606405212697783;9.845490050944376;7.665335917185176;9.144658242831882;9.118941072723509;12.113742166049189;8.696967526234287;10.127994320976391;10.023754353299417;10.358651200892886;12.221889161471266;8.257387842692651;10.567005370247031;9.44086916761087;10.071462362556623;8.774787059601174;10.383704292474052;9.041659151637214;10.161131882984307;10.278449458220482;9.758223214726724;12.792790294301064;9.667111542075029;9.30149619498255;9.659995892429976;10.779719355143405;10.480790201095816;12.213711798105672;9.69522829149575;9.044394119358454
7.05528243550119;8.717676423066395;14.491414710925472;8.31741261376487;8.977279923499916;9.219168520462162;7.392317422778761;8.134426320220927;8.071462362556623;9.24555270625568;8.936637939002571;8.124121311829187;8.829722735086058;8.118941072723507;8.049848549450562;7.832890014164741;8.581200581924957;6.459431618637297;7.787902559391432;9.430452551665532;9.703903573444665;7.3750394313469245;7.707359132080882;8.546894459887637;8.370687406807217;9.005624549193879;10.940313597145968;8.487840033823051;9.219168520462162;8.933690654952233;8.851749041416058;7.20945336562895;8.909893083770042;8.417852514885897;7.392317422778761;6.94251450533924;7.658211482751795;9.098032082960527;7.383704292474052;9.64565843240871;9.066089190457772;8.0;6.794415866350106;9.066089190457772;8.573647187493322;8.89178370321831;5.882643049361842;10.370687406807216;11.038918989292302;8.861086905995395;8.413627929024173;9.756556322524087;8.118941072723507;8.214319120800766;9.179909090014934;8.471675214392045;8.577428828035748;7.459431618637297;10.599912842187129;9.041659151637214;10.348728154231075;9.857980995127573;9.79603960882977;10.395534135462302;10.277287400130357;10.383704292474052;10.018200178813226;9.39231742277876;9.929258408636972;8.375039431346925;10.41679752760606;9.556506054671928;9.426264754702098;10.721953612801386;10.675074920385445;9.868822554775;9.76983784362944;10.092757140919852;10.482807956726669;7.044394119358453;10.225207436943505;10.266786540694902;9.199672344836364;9.984418458801136;9.436711542137214;9.26209484537018;9.240791332161956;10.25974326369078;9.473705749619416;10.178664851006472;9.991521846075695;9.839203788096944;9.658211482751796;8.823367240046235;7.734709620225838;9.61654884377899;10.197216693110052;9.194756854422248;9.221587121264806;9.902375114486023;9.162391328756906;9.894817763307945;9.693486957499324;9.047123912114026;9.86727873970966;10.308339030139408;8.721099188707186;10.13827180017222;10.651948610723446;9.935165049603697;9.90839262077375;10.27262978497637;10.31174831500496;9.992938336165814;10.43879185257826;9.874981347653774
11.06204613772049;10.894817763307945;11.165535141377925;10.916625922211235;11.09341756438796;11.116343961237469;11.399277924508969;11.11504365016171;11.256798386079389;11.125413470483316;10.59898297103609;10.638435913990472;11.38316426063511;11.048486873992337;10.578372691360803;11.215532999745657;10.884933647949762;9.37937836707126;10.691743519171276;11.79644525906185;11.205793249397155;10.578372691360803;11.047805554007589;10.700439718141093;11.216139556425135;11.36796070964157;10.60177078840771;9.577428828035748;11.116343961237469;11.919608238603251;11.536247215688128;10.344295907915816;11.118941072723509;11.053247125912426;10.872674880270605;7.539158811108031;10.318542809702723;10.98370619265935;9.829722735086058;11.564625862795372;10.167418145831736;11.378294855911893;11.282509306240836;11.057991722759176;11.22881869049588;10.52061868055628;11.022367813028454;11.174925682500678;11.773963368433558;10.913637428049103;10.916625922211235;11.417852514885896;11.055282435501187;8.826548487290914;11.95383268214528;11.384783750093352;10.4231159101471;10.501837184902296;11.325867580575418;10.074141462752506;11.433585441150496;11.391243589427445;10.843921051289035;11.041659151637214;10.871135184243045;11.369052007001388;10.85096815098244;10.807354922057604;11.50382573799575;10.335390354693924;11.283088353024002;11.14338321398982;10.458406613236534;10.902375114486023;11.369597346278676;11.020285500844649;10.76983784362944;11.368506461507693;11.271463027904376;9.461479447286155;11.463013413449692;11.342630298678408;11.720671786825555;10.915879378835774;10.048486873992337;11.200285605224298;11.025831668332026;10.694357887221452;11.778487861222372;11.064742764750257;11.273795599214264;11.141468555393084;11.203348002979762;10.648357582009666;9.30149619498255;11.011926066306808;10.992938336165814;11.035486451292154;11.340406490853294;11.352595231134304;11.239001757765582;11.661778097771988;11.213104219641906;11.3292357417338;10.90839262077375;11.051208940914766;11.61056350392504;11.29634268469289;11.156715144224702;11.419433550705378;11.714245517666123;10.754887502163468;10.981567281903017;10.734709620225836;11.140190703191836;11.339850002884624
11.357552004618084;11.274960472140602;12.209148710355748;11.354800344350595;11.513234113806051;10.909143047339898;11.192292814470768;10.615629636968098;11.496853777388042;10.849405100947758;10.31174831500496;10.7279204545632;11.953468962228849;11.221587121264806;11.321364432039449;11.650603022215307;10.620219825507489;10.232420927176076;10.22881869049588;11.597121428789569;9.599912842187129;9.49585502688717;11.627989784315703;10.513727595952435;11.453270634010623;9.447083226209651;10.057991722759176;10.733015321685963;10.909143047339898;11.24555270625568;12.603626344986193;10.544964432789238;11.065416134676548;9.965784284662089;11.683871868622605;9.457380879072534;10.29232163280204;10.721953612801386;10.347621368568134;11.200285605224298;10.448116305409464;11.844313461203296;11.34485068394299;10.807354922057604;11.141468555393084;10.489847960439295;10.489847960439295;10.47269083924278;9.038918989292302;10.96000193206808;11.088788238716909;12.230620933129869;11.072132604167232;8.710806433699352;11.56843119316746;10.617467465294196;10.709083812550343;10.321928094887362;10.430452551665532;9.91737207947684;9.988684686772164;9.951284714966972;9.328674927327947;8.665335917185176;9.73640193131829;10.030667136246942;9.312882955284357;8.682994583681683;9.7431513941125;8.50382573799575;9.30149619498255;9.44086916761087;9.560332834212442;9.273795599214264;10.124121311829189;9.800899899920305;9.824958740528524;9.4797802640291;9.65642486327778;9.682994583681683;9.935165049603697;9.29920801838728;9.326429487122304;9.310612781659527;9.271463027904376;9.932214751968385;9.52552080909507;9.019590728357882;10.109830654278792;9.99717948093762;9.92481250360578;9.876516946565;9.43879185257826;9.49585502688717;9.584962500721156;9.89026427702111;9.543031820255235;10.26795708440284;10.40832974076739;9.355351096424812;9.366322214245816;9.804131021183318;10.406205005418856;10.095397022792556;9.584962500721156;9.689997971419446;9.566054038171092;9.86573327085176;9.477758266443889;9.35974956032233;9.477758266443889;9.344295907915816;9.968666793195208;8.459431618637296;9.562242424221072;9.105908508571158
9.08214904135387;10.727069558023706;7.357552004618084;9.194756854422248;10.568906154502084;10.179909090014934;8.643856189774725;8.784634845557521;10.67595703294175;10.355351096424812;10.992938336165814;9.83605035505807;10.247927513443583;10.076815597050832;8.523561956057012;9.337621901992508;11.830515206976838;7.78135971352466;10.715961990255144;10.278449458220482;9.741466986401146;9.1006623390052;10.279610581052484;11.696098170955864;11.139551352398794;9.91139198784346;7.900866807980749;8.194756854422248;10.179909090014934;13.065920955947536;9.926295994781112;10.606405212697783;10.459431618637296;9.88264304936184;10.972261848733291;4.754887502163468;8.876516946565;10.95637615724967;8.985841937003341;9.64745842645492;9.144658242831882;10.113742166049189;11.103943429891558;9.873444112515376;9.759888183221834;10.894059846274022;10.249113452713727;11.3297963382207;9.047123912114026;10.644757592516257;10.399811959325683;11.043027283594547;9.977279923499916;8.845490050944376;10.60177078840771;9.992938336165814;8.280770770130603;8.933690654952233;12.340406490853294;9.59245703726808;11.276706019892432;11.043027283594547;9.672425341971495;9.80896417491926;10.404077136241234;11.857980995127573;9.96289600533726;8.134426320220927;10.187352073200495;10.164906926675688;11.86573327085176;9.86418614465428;9.823367240046236;10.725366257895642;10.091435386323608;11.844705764411938;11.110483309816226;11.015415052386688;9.497851836951115;11.68650052718322;10.213104219641906;11.101975670949232;10.437752072323605;9.016808287686557;10.08746284125034;13.219168520462162;9.219168520462162;8.700439718141093;11.81658370778757;10.390168956200185;12.410981267043796;11.436711542137214;10.747353829478062;10.681238411777803;9.278449458220482;11.702172685365548;10.51668494930961;11.957102041562289;11.589651146514786;10.22881869049588;13.052058534626903;11.262682142362165;10.842350343413807;10.74819284958946;9.184875342908285;11.510764167917891;13.33119687715303;10.573647187493322;9.197216693110052;9.611024797307351;9.632995197142955;8.965784284662087;11.12347479824414;10.854089179870574;10.022367813028454;11.813380386924727
9.162391328756906;10.778898476008376;7.918863237274595;10.611024797307351;9.310612781659527;10.111135670234708;8.897845456005511;8.491853096329674;9.25974326369078;8.103287808412022;8.535275376620802;10.50481898763284;9.403012023574997;9.961449694398196;8.339850002884624;9.674192268145683;10.071462362556623;9.108524456778168;10.027905996569883;10.369597346278676;11.053925881531104;8.751544059089099;11.5473765634981;10.800899899920305;9.744833837499543;11.184255495405347;10.034798962577268;8.539158811108031;10.111135670234708;10.17367713630342;9.459431618637296;9.060695931687556;10.875749351420056;10.383704292474052;10.659103963473662;6.78135971352466;9.344295907915816;10.076815597050832;9.428360172704291;10.336506559810257;9.285402218862249;11.020285500844649;11.295194955880657;9.333155350310616;9.89178370321831;10.148476582178278;9.4655664048094;7.876516946564999;9.60177078840771;9.06339508128851;10.619302955415687;9.7431513941125;9.715961990255144;6.491853096329675;11.627989784315703;10.027905996569883;8.980139577639157;10.051208940914766;8.379378367071261;9.06339508128851;9.627533884472792;9.047123912114026;9.62935662007961;6.409390936137702;10.014020470314934;8.049848549450562;8.321928094887362;9.63117705570398;10.564149489985732;8.124121311829187;7.366322214245816;10.825753832883112;9.651051691178928;8.467605550082997;7.179909090014935;7.768184324776926;10.63026712502677;9.047123912114026;7.948367231584678;10.900112062977456;9.052568050804153;9.824958740528524;7.066089190457772;7.894817763307944;6.303780748177103;9.837627933171404;8.569855608330947;9.321928094887362;9.721099188707186;7.087462841250339;8.361943773735241;8.353146825498083;9.965784284662089;11.041659151637214;9.335390354693924;11.263856019596082;7.643856189774724;10.703038388986418;11.894817763307945;9.422064766172811;9.840777923595054;10.800899899920305;11.10000522442272;11.817383427897232;9.388017285345136;8.721099188707186;10.130570562805426;9.403012023574997;8.686500527183219;7.906890595608519;10.127994320976391;7.499845887083206;5.832890014164741;8.159871336778389;7.392317422778761;6.94251450533924
12.0566377151132;12.068778277985412;12.399277924508969;11.50084187955693;11.897845456005513;11.724940118462358;11.807757403589267;11.499845887083206;12.080151309614088;11.733439082899434;11.057991722759176;10.857203471508166;11.737247343027738;11.790348496751914;11.342630298678408;11.198445041452365;11.653292945382814;11.109177703355275;11.501837184902296;12.139551352398794;10.649256177517314;10.577428828035748;12.441647390253612;11.323054760341646;12.177419537989236;11.323617763291578;11.8649599151426;12.360847084179664;11.724940118462358;12.021327032624372;12.044052531801302;11.35974956032233;11.916625922211235;11.425215903299383;12.465311308877183;9.419960177847887;11.823367240046236;11.096056239180946;11.348728154231075;12.541580659991167;10.798471801101618;11.896710815726117;12.212192371908472;11.857980995127573;11.688687423222536;11.737669863177452;11.376668061857668;12.419170165028538;12.096385734452651;11.731743290707842;11.58261245126702;12.246443717117286;11.410981267043796;10.417852514885896;12.099676554859643;11.66266837551754;11.311180660053354;10.668884984266247;11.401412878714178;11.199672344836364;11.712097051087548;11.423641195075856;11.4241662888181;11.090112419664289;11.047805554007589;11.323617763291578;11.448632567730552;11.221587121264806;11.98049663618346;10.279610581052484;11.395534135462302;11.4893462407191;10.787086324551616;11.319107575824985;12.002463438892535;11.373408960228696;11.569380959522295;11.511258495502268;11.46352437327118;10.320800548881635;11.930737337562888;11.014717929860009;11.366322214245816;11.63390340934852;10.922584402713664;11.041659151637214;10.91139198784346;11.076815597050832;11.93110683302934;11.95383268214528;11.252665432450248;11.092757140919852;11.219773550892874;10.972261848733291;10.547858506058416;11.227014193649133;11.565102078360312;11.59105477403678;11.95383268214528;11.16679075071818;10.933690654952231;11.381542951184583;11.183635381473218;11.91139198784346;10.91139198784346;10.649256177517314;11.077483356859508;11.617467465294196;11.618385502258606;11.71639078949768;12.390437689560535;11.06204613772049;11.200285605224298;10.639340708652233;11.576484346796851;10.948367231584678
11.25502856981873;12.645883554519004;4.700439718141092;12.68540583478614;12.674192268145683;13.577074720026388;14.10533563706088;11.240195053979924;13.665891034757491;11.20945336562895;12.875749351420056;12.699355555588465;12.661778097771988;12.55026580686874;13.542548262335211;12.665780028329484;12.907266248531066;12.066761932386909;12.869979332899964;13.328815151368577;7.22881869049588;11.152918576136624;13.986730898175647;10.214319120800766;12.33427328530719;10.105908508571158;4.584962500721156;12.88760142450871;13.577074720026388;11.19537220740274;12.517423341396473;11.813380386924727;13.766735939529964;12.95637615724967;11.459431618637296;7.321928094887363;12.50754690343482;12.174301544467632;12.186423797538945;8.63662462054365;13.215077914822828;13.371776644337924;13.449277635946482;9.89026427702111;13.059006395201113;12.548581118165128;13.231221180711186;8.03342300153745;6.266786540694901;10.900866807980748;13.735344469539005;12.35837648032824;12.839597483021176;6.768184324776926;13.930367747438952;14.178898227573947;11.527965641133957;12.032734528586714;6.409390936137702;7.321928094887363;6.087462841250339;6.930737337562887;6.475733430966398;6.066089190457772;6.475733430966398;6.426264754702098;5.78135971352466;8.308339030139408;6.357552004618084;4.807354922057604;6.149747119504682;5.491853096329675;5.832890014164741;6.169925001442312;7.426264754702098;5.807354922057604;7.339850002884624;6.94251450533924;6.523561956057013;4.857980995127572;9.733015321685963;5.614709844115208;5.78135971352466;5.247927513443585;6.0;7.539158811108031;6.954196310386875;4.392317422778761;4.643856189774724;6.9886846867721655;6.507794640198696;5.857980995127572;4.807354922057604;6.507794640198696;10.915879378835774;7.78135971352466;5.426264754702098;4.643856189774724;5.20945336562895;6.149747119504682;5.727920454563199;5.807354922057604;6.507794640198696;5.882643049361842;5.321928094887363;5.906890595608519;5.672425341971495;6.066089190457772;5.459431618637297;5.832890014164741;10.266786540694902;5.930737337562887;7.451211111832329;5.523561956057013;5.857980995127572;5.977279923499917
14.054858649392074;13.954468971434252;13.507175218506603;13.87843414955929;14.37931067145898;14.157978449945432;14.639510294496624;13.61769702930787;14.256798386079389;13.967226258835993;13.951011451391784;13.624338545312986;14.291458518782344;13.986464267334126;13.683433292835405;14.234293535939402;13.7820767842453;12.822172461476178;13.5346676445924;14.555128322584396;13.181307577427798;13.464035152189911;14.530833034695345;13.712849378387808;14.321153001682084;13.947819546020028;13.371095967259532;12.703038388986418;14.157978449945432;14.600145216358667;14.725739026673391;13.623309967191387;14.497477645523553;13.619646849988262;13.683433292835405;11.306061689428342;13.151809359179763;13.851846623007686;13.305919236202762;14.894201986050575;13.234068951183083;13.964521373897238;14.281350514981035;13.816683697047816;14.042685372219353;13.781154770695863;13.879966079664356;13.669328004395904;14.052398232071583;14.030149824925717;13.805038471705462;14.781513401542938;14.019330102390072;11.99116750614001;14.729620743553038;14.203806802487808;12.915692682615404;13.191213472221284;13.818082819530185;13.531015866467587;13.794314321740464;13.680359523513712;13.478769619475765;13.285402218862249;13.655530723155644;13.690761908445976;13.089119397915168;13.208234358339787;13.941872920545068;12.866313015702191;13.527477006060396;13.70746698503506;13.084144010615145;13.234368389756364;13.835063492005094;13.637190894068558;13.916905776411634;13.741256297092136;13.782281596148096;13.109830654278792;13.896994559466018;13.608947814565514;13.836937955001847;13.596772122051034;13.088622630607802;13.94379681959879;13.376125389276174;12.898790308381212;14.16843708133339;14.000264141169616;13.703795453757808;13.430975172588068;13.540975578809254;13.35576402254724;12.732379446391358;13.640244936222343;13.30677374464288;13.86379910372885;14.114637062485798;13.759992179981;13.940680648424092;13.908767882849189;13.48608080265197;14.11902215717152;13.375446761369174;13.525398458669615;13.931753222471858;13.552789157019262;13.491727856949336;13.59840149706873;14.114311709822552;13.043198208900224;13.42324724931064;13.510887765694012;13.670766880999242;13.759888183221834
10.62935662007961;10.862637357558794;10.54399845013454;10.554588851677638;11.208843990734614;11.68650052718322;11.070120944476823;11.348728154231075;11.016808287686557;10.564149489985732;10.526499239136566;10.719388820942084;10.927037168720297;10.83368074865474;10.674192268145683;10.54399845013454;10.617467465294196;9.992938336165814;11.085472459181284;10.918117851031772;9.430452551665532;10.91737207947684;11.38316426063511;10.530406337099068;10.756556322524087;10.675074920385445;10.73978060977326;9.417852514885896;11.68650052718322;10.698704666770343;10.958552715431011;10.52845411076479;10.989394499844732;11.885696373339394;10.59898297103609;7.741466986401146;11.210671343785622;10.62296694479051;10.034798962577268;10.78953364497036;10.691743519171276;11.591522346570734;11.287135186086704;10.953468962228849;11.705632387361415;10.7714894695006;11.456354415108288;10.336506559810257;11.82097669262124;10.277287400130357;11.197216693110052;10.653740778706569;10.863411958941638;8.308339030139408;11.434628227636724;11.203348002979762;10.1006623390052;10.430452551665532;11.401412878714178;10.020979938904212;11.92184093707449;11.221587121264806;10.59618975614441;11.41679752760606;11.057991722759176;11.282509306240836;11.62844554013718;11.085472459181284;11.658211482751796;10.158609688214478;11.6965329140783;10.67595703294175;10.868822554775;11.451726268074506;11.965784284662089;11.532842910961282;10.8649599151426;11.721953612801386;10.711666973564348;8.539158811108031;12.06373212019692;11.422064766172811;10.943247395901553;11.373408960228696;10.489847960439295;10.970105890612182;11.461479447286155;11.151650829973422;11.013322673425447;11.837627933171404;11.798471801101618;11.38586240064146;10.94251450533924;10.266786540694902;8.584962500721156;10.63390340934852;11.942147920394849;10.532355925288847;11.250298417906333;10.754887502163468;11.491853096329674;11.287712379549449;11.935165049603697;10.498849206531723;11.11829223302699;10.94617524072356;11.377210530388552;11.732167425663384;10.900112062977456;11.068778277985412;11.38586240064146;11.423641195075856;11.642051692927977;10.456354415108288;11.449148645375436;11.047123912114026
7.515699838284043;9.73809225962049;12.597587039586216;8.643856189774725;9.515699838284045;10.533329732305834;8.515699838284043;10.93737382019215;9.778077129535358;7.727920454563199;8.409390936137703;10.809768128710411;8.897845456005511;8.974414589805527;8.658211482751796;8.741466986401146;10.37937836707126;7.774787059601174;10.210671343785622;9.605479518061667;11.030667136246942;10.286557761607956;10.470658874060552;9.661778097771988;10.13699111208023;11.5473765634981;12.909893083770042;10.830515206976838;10.533329732305834;8.909893083770042;8.603626344986193;9.710806433699352;9.509775004326936;11.240195053979924;9.92035285541508;9.971543553950772;10.451211111832327;9.987264012072538;8.857980995127573;8.820178962415188;10.909143047339898;10.266786540694902;8.885696373339394;9.977279923499916;10.367414751246828;10.719388820942084;8.400879436282183;10.233619676759702;12.90388184573618;7.721099188707186;10.98370619265935;9.688250309133178;10.030667136246942;7.022367813028454;9.76983784362944;9.467605550082997;9.016808287686557;10.250298417906333;12.056299014550335;10.566054038171092;12.14974711950468;11.55026580686874;11.023754353299417;11.576484346796851;11.527965641133957;12.382083590141969;11.490349505739289;12.098690096673591;11.618844301766652;10.507794640198696;11.332036548361652;10.880348808156027;11.04916787237217;11.808159772868375;12.161761743304677;12.054604317960672;11.410981267043796;12.2428763671664;11.94617524072356;8.679480099505446;12.101647450030766;11.89822347121556;11.035486451292154;11.955649907528374;11.050528905530555;11.12605911607068;11.54061240824953;10.31174831500496;11.45994384837493;12.019590728357882;11.57601187420678;11.57459352733761;11.207014320177532;10.57459352733761;9.29232163280204;11.332596057789214;11.970824901362615;10.89178370321831;11.153552031708111;12.113416611485944;11.216139556425135;11.049848549450562;11.614709844115207;10.610102062999664;10.905387005018133;11.4578938373147;11.197830998012195;11.712527000439824;11.908017261062804;12.376939321619846;12.188279751964144;12.000704269011246;11.81818270494864;10.96650545190574;11.701306461958623;12.326429487122304
11.295768934420508;11.051888655905378;11.879966079664356;11.604553229079038;11.894817763307945;11.525031345124;11.732167425663384;11.982637133669424;11.657765035265363;13.392183237312366;10.839203788096944;11.06204613772049;11.721953612801386;11.69479315499995;11.289442575688332;11.933690654952231;11.347621368568134;9.89633240390994;11.861086905995396;12.066761932386909;11.53818893205242;11.333155350310616;11.683433292835405;10.484822894262146;11.264442600226602;11.290594888082572;11.506803437795648;10.555547771647063;11.525031345124;11.886458695703706;11.852919585123995;11.07347215397646;11.600842114387302;11.572700226487292;11.526010107061737;8.599912842187127;11.915505962231933;11.64430696154558;10.310612781659527;11.370687406807216;11.080817527608328;11.734709620225836;11.848231701093818;11.52552080909507;11.28828934218097;11.243173983472952;11.934428040626804;12.078817949961978;11.962173031109709;11.054604317960672;11.72749506902543;11.64565843240871;11.791569912126878;9.964340867792416;12.62067804213541;11.39660478118186;10.829722735086058;10.927037168720297;11.934796592178404;10.375039431346924;11.96902670215077;11.871905237659186;10.980853606379736;11.328674927327947;11.57459352733761;11.650154213675094;11.508785162064513;11.105253779700885;11.952013164889486;10.53818893205242;11.55026580686874;11.476746203939468;10.71853287606922;11.239598529249124;11.90275194485016;11.894059846274022;11.03342300153745;11.817783121774534;11.410981267043796;9.353146825498085;11.813781191217036;11.63117705570398;11.541580659991167;11.71853287606922;10.970824901362615;11.29174628083394;11.40832974076739;11.570330101030798;12.061033601681112;11.658657792126084;12.02271457304476;11.494355603532846;11.330356716957944;11.058668250340572;9.787902559391432;11.400345796534694;11.574120435009748;11.088125692188209;11.571278618514595;11.637077657143664;11.667111542075029;12.043027283594547;11.983349927676455;11.302638923787551;11.528942415064895;11.326991174900815;11.780129619625306;11.593857938858225;11.386940245324311;11.57553924683453;12.28828934218097;11.35424938194524;11.42574042431621;11.00842862207058;11.627989784315703;11.718104713121756
6.20945336562895;8.661778097771988;4.643856189774724;7.826548487290915;7.20945336562895;7.658211482751795;3.807354922057604;4.169925001442312;8.546894459887637;3.700439718141092;8.599912842187127;3.321928094887362;5.357552004618084;9.60733031374961;3.584962500721156;7.139551352398794;6.643856189774724;8.707359132080883;4.087462841250339;6.754887502163468;5.321928094887363;1.584962500721156;9.124121311829189;6.714245517666122;4.906890595608519;8.535275376620802;4.906890595608519;3.169925001442312;7.658211482751795;5.491853096329675;7.948367231584678;4.643856189774724;9.4655664048094;3.321928094887362;11.63026712502677;1.584962500721156;4.247927513443585;9.766528908598865;7.05528243550119;9.779719355143405;2.584962500721156;4.906890595608519;7.3750394313469245;11.958915156091347;11.523561956057012;8.312882955284355;7.912889336229962;6.087462841250339;5.247927513443585;5.727920454563199;1.584962500721156;8.044394119358454;6.357552004618084;3.321928094887362;7.774787059601174;3.584962500721156;5.491853096329675;3.0;7.312882955284356;6.044394119358453;7.86418614465428;5.906890595608519;7.636624620543649;5.614709844115208;6.022367813028454;6.727920454563199;7.426264754702098;4.459431618637297;8.353146825498083;6.539158811108031;8.038918989292302;7.076815597050831;7.118941072723508;7.276124405274237;6.768184324776926;7.118941072723508;7.366322214245816;6.087462841250339;6.022367813028454;6.727920454563199;7.199672344836364;4.584962500721156;4.954196310386875;7.741466986401146;6.569855608330948;7.149747119504682;4.584962500721156;5.700439718141092;7.129283016944966;7.888743248898259;6.20945336562895;6.426264754702098;7.357552004618084;7.599912842187128;4.700439718141092;7.276124405274237;6.7414669864011465;6.442943495848728;8.285402218862249;6.700439718141092;6.392317422778761;6.523561956057013;7.686500527183218;6.894817763307944;6.20945336562895;7.011227255423254;7.179909090014935;8.262094845370179;5.906890595608519;5.426264754702098;8.405141463136344;6.303780748177103;2.584962500721156;6.6865005271832185;6.459431618637297;6.832890014164741
15.26707926567123;15.286846502735887;14.108442780154553;15.681348235173807;15.6037132656711;15.70457913797038;15.53107680524311;15.262535340526282;16.145096273872102;15.585784114483443;14.851602656652004;15.201511344500146;15.632484076411412;15.56917325155336;14.973966366904202;15.6100155263928;15.549092749509764;13.081816278109198;14.954468971434252;15.92740761294903;14.608197057567144;15.299422689177185;16.044756967541677;14.139231570719351;15.322526745461513;14.831307243802051;14.466331422082767;13.93147623388679;15.70457913797038;15.82630020480439;15.233207718928368;15.168789622174067;15.199672344836364;15.7425199716613;15.08426860464538;11.780949798749663;14.462246634244352;14.882834071545622;13.271608924151744;15.450373590406098;13.9015268861181;15.210100544553294;15.622309257133503;14.380190466749834;15.33378429533586;14.910689570457322;15.95585420221719;15.242839160810815;15.13061078010394;15.02734449377006;15.113457309824126;16.074141462752504;15.42567486961708;13.73523868071836;16.609539482249183;15.303531051300856;13.442425193331609;14.56599455908218;14.822172461476178;13.37870126796422;14.852968337174042;14.904869783617666;14.247927513443583;14.722540735969362;14.441063762630506;15.02293125573856;14.319601564886783;15.073430311866192;14.92379171782687;13.348174867535556;14.790195747095956;14.557344030489888;12.644982855229008;13.870557374326417;15.16588839197123;15.019025979241784;14.423312914408893;15.110157018954066;14.607792641919213;12.607099094093552;15.134025159291586;14.576661484134036;14.757442098801803;14.648582283363735;13.63469762629172;15.340441264225216;14.385997175272871;14.251334464658855;15.00838485031916;15.068904206064827;15.223473835943883;14.764612462753195;14.54617100226735;14.12339396367116;12.943064208162005;14.4261336899697;14.588187580904568;14.192986251177649;14.455519875047573;14.773190730622517;14.744150581488247;15.086882596749067;14.97280033522448;14.410451351503994;14.502334580197996;14.568371812004647;15.304315667430634;14.676452984336713;14.795938178447551;14.926295994781112;15.578520114240414;14.184875342908285;14.710483598869924;13.69522829149575;14.73184933613704;15.501526225737198
11.455840909126398;11.313449940963055;10.992938336165814;11.223398414711628;11.517669388133813;11.507299124122763;11.970105890612182;11.49735289347705;11.54882190845875;11.735556023911537;11.172427508645482;11.44759985827995;11.707359132080883;11.533816389433364;11.116343961237469;11.7402023887679;11.227615943414223;10.090112419664289;11.549303368513575;12.052907628313289;11.430975172588068;11.523561956057012;11.764042217306589;10.371776644337924;11.824958740528524;11.379919817646538;11.567956075415466;10.78053976747196;11.507299124122763;12.010528105886484;11.935165049603697;10.54882190845875;11.434106928609957;11.567005370247031;11.26795708440284;7.954196310386875;11.081483438093674;11.492854620174748;10.41256984680521;11.778487861222372;10.980853606379736;11.78340754217352;11.61194694181998;11.122827994807666;13.20212382383046;11.096715154488535;10.997885127829113;11.962173031109709;12.113742166049189;11.216745858195306;11.808159772868375;12.244661144764198;11.44086916761087;9.729620743553038;11.743992861060176;11.130570562805426;10.740624044489412;11.086799685623452;11.574120435009748;10.876516946565;11.532355925288847;11.375039431346924;11.053925881531104;11.407798850221974;11.15608307628868;11.63390340934852;10.826548487290914;11.382624026574916;11.579315937580017;10.338736382573916;11.23421867823847;11.451726268074506;10.558420713268664;11.131856960608792;11.380461065088973;11.561765263627708;11.263856019596082;11.556984957594462;11.37937836707126;10.456354415108288;11.554588851677638;11.242578689451346;11.164906926675688;11.452241240430816;10.772314573921651;11.287135186086704;11.413098984915264;10.586839787961829;11.804937672051908;11.386401423640775;11.192292814470768;11.26209484537018;11.319107575824985;11.02167404285837;10.31628153174622;11.453270634010623;11.162391328756906;11.378836713210614;11.682994583681683;11.535275376620802;11.779719355143405;11.679480099505446;11.284824100224624;11.614709844115207;11.129926933510394;11.237807473723135;11.382083590141969;11.270879295328784;11.458406613236534;11.281350514981035;11.935533412950749;10.939579214314692;11.25797705856398;11.00842862207058;11.335948565202298;11.382083590141969
9.91288933622996;10.579315937580017;11.756139298372927;10.404077136241234;10.01262453886506;10.673309075561695;10.32755264408124;10.172427508645482;10.836839359748716;9.991521846075695;9.63662462054365;9.824958740528524;10.827342704234116;10.45532722030456;10.333155350310616;10.766528908598865;10.552669097514272;11.109177703355275;10.715961990255144;10.582141981658776;10.371776644337924;10.247927513443583;11.227615943414223;9.45532722030456;11.146568675740786;10.286557761607956;11.545447181678094;11.380461065088973;10.673309075561695;9.92184093707449;11.80292019858527;9.885696373339394;10.80896417491926;10.659995892429976;10.439830883981392;10.829722735086058;11.483815777264256;10.452241240430816;11.471675214392045;10.404077136241234;10.876516946565;11.27262978497637;10.655530723155644;10.400879436282183;10.785452468158542;11.036173612553483;10.07815080773465;10.7047682393626;11.392854039872873;10.24555270625568;10.404077136241234;11.11699367754698;10.098032082960527;9.541096615349524;10.442943495848729;10.988684686772164;11.276124405274238;10.273795599214264;10.404077136241234;12.170863950411928;10.18239435340453;10.281930026955443;9.933690654952231;9.73809225962049;10.404077136241234;10.205793249397155;9.61286849729104;10.116343961237469;9.876516946565;10.304921669581672;9.517669388133813;9.99859042974533;10.963618617443972;10.50084187955693;10.109830654278792;10.50382573799575;10.187352073200495;10.754052367528924;10.772314573921651;9.776433032444732;10.184875342908285;10.200898605038445;10.466586337719244;10.281930026955443;10.894817763307945;9.99859042974533;10.059344460824423;8.566054038171092;9.98299357469431;10.591522346570734;10.098032082960527;10.0566377151132;10.018200178813226;9.37937836707126;10.778898476008376;9.89178370321831;9.946906274456396;9.9901039638575;9.897845456005513;10.216745858195306;10.73047013718422;10.277287400130357;9.483815777264256;9.78135971352466;9.353146825498085;10.265615046484458;9.86418614465428;10.350939181546432;10.4655664048094;10.336506559810257;10.684748620421626;9.84862294042934;10.016808287686557;10.318542809702723;10.61654884377899;10.213104219641906
12.292896755409172;12.77869318322384;12.052568050804153;12.85369942030022;12.671983272091865;12.60130652612184;12.47294463377961;13.07296996854206;13.082315394198206;12.584492796975876;11.565102078360312;12.5898851792902;12.98992663055989;13.044223335689608;12.643630751061728;12.488593333835407;13.058499148184731;12.119589620741122;12.243769031961852;13.013497154291704;12.904634621668151;12.407267764244732;13.388959036232889;11.39231742277876;12.48255589154897;12.30063855399372;13.14561377551339;11.836839359748716;12.60130652612184;12.47040467706564;12.556026992724677;12.170238052336648;12.972082308562456;12.846273911349906;12.526499239136566;11.394998514501673;12.485829308701904;12.992230264965889;12.189824558880018;11.97692206785108;12.5898851792902;13.738408975813828;12.939579214314692;13.051378899687522;12.608254821977908;13.108197722535827;12.742098869778308;13.018374070821016;13.180530807344482;12.07112712494831;13.07028868996168;12.65284497300198;12.974235317355356;11.565102078360312;13.727814119936957;12.571278618514595;12.293759009667864;12.545205827425605;13.38424412224308;12.480790201095816;13.521968427237743;13.561645948816334;12.930552554336137;12.919235786028349;13.371504412043336;13.353146825498085;13.48947168700768;13.099183410079286;13.75811909036878;12.498101243994851;13.233020426474496;13.043198208900224;12.69631555889282;12.952195219914133;13.733862719678545;13.614709844115207;13.08663384907624;13.865636624056153;13.451339918139356;10.181152256865566;13.795532385591804;13.189052362190337;13.43879185257826;13.385592813601365;12.991521846075695;12.747353829478062;13.474466464132632;12.085804380278086;13.390168956200185;13.973248920483805;13.566054038171092;13.028596777067108;13.194756854422248;12.674633661767269;12.046441948007311;12.855647166027266;13.66289085913906;12.637983303777853;13.057991722759176;13.352457299584804;12.961449694398196;13.535761377986656;13.76497522889862;12.826151214800207;13.08746284125034;12.898790308381212;13.28699085163199;13.438142077743654;13.091765938516804;13.16427843830117;14.11683127589871;13.106562940444883;13.47813760691872;12.976385117888592;13.562242424221072;13.405806268936267
2.807354922057604;3.0;2.0;4.954196310386875;2.0;4.0;4.392317422778761;3.169925001442312;2.807354922057604;1.584962500721156;4.459431618637297;1.584962500721156;3.4594316186372973;5.584962500721156;1.584962500721156;3.0;3.700439718141092;0.0;1.0;4.459431618637297;2.0;0.0;2.584962500721156;5.087462841250339;4.321928094887363;2.584962500721156;4.169925001442312;0.0;4.0;4.643856189774724;3.4594316186372973;2.321928094887362;4.087462841250339;0.0;0.0;0.0;3.321928094887362;4.087462841250339;2.807354922057604;4.169925001442312;3.0;1.584962500721156;2.584962500721156;2.0;3.807354922057604;4.0;3.169925001442312;0.0;1.584962500721156;4.0;2.0;4.247927513443585;2.321928094887362;1.584962500721156;1.584962500721156;2.584962500721156;2.321928094887362;2.321928094887362;3.4594316186372973;3.700439718141092;3.0;2.584962500721156;2.0;3.0;2.584962500721156;3.906890595608519;1.0;2.321928094887362;3.584962500721156;1.0;3.906890595608519;3.0;3.700439718141092;2.0;3.4594316186372973;3.0;3.169925001442312;2.321928094887362;2.584962500721156;3.4594316186372973;4.169925001442312;1.584962500721156;2.321928094887362;1.584962500721156;3.0;4.754887502163468;2.0;2.807354922057604;2.807354922057604;2.321928094887362;3.584962500721156;3.169925001442312;4.087462841250339;3.4594316186372973;3.584962500721156;3.906890595608519;3.169925001442312;3.4594316186372973;4.906890595608519;3.700439718141092;4.0;2.584962500721156;2.321928094887362;3.321928094887362;1.584962500721156;3.0;4.392317422778761;4.321928094887363;2.807354922057604;1.0;2.584962500721156;3.169925001442312;3.906890595608519;3.0;4.392317422778761;2.321928094887362
11.4983506079296;11.881878707600446;11.815383295813538;12.083146870816742;11.81977993183848;12.215532999745657;11.793196859060943;12.467096033905747;12.353698209048035;11.820577882655774;11.117643101389092;11.68650052718322;12.050528905530555;12.279610581052484;11.661332752795186;12.420486612825774;12.220680621052203;11.547858506058416;11.997885127829113;12.220378327695228;11.806146803320525;12.069449767427784;12.672204323964031;10.30149619498255;12.08746284125034;12.11829223302699;12.742940950666588;12.172740017049366;12.215532999745657;11.487840033823051;11.898601387403938;11.27786854617684;12.35397382181817;12.16333519208196;11.937741620077096;9.527477006060396;12.235415935602528;12.214015491410844;11.579787329526992;11.922584402713664;11.729195859132094;12.340684654363438;12.27699673929712;11.963618617443972;12.271463027904376;12.23511671439625;11.958190183693738;12.366048950670628;12.212496385193948;11.461479447286155;12.50457073932441;12.314300001897534;11.944712061043486;10.687375683437468;12.661555442467758;12.055960234452296;11.67991987851842;11.681677655209691;12.814382188951573;11.943247395901553;12.581906689308768;12.268249571994492;11.791162888555018;12.223096690347695;12.325024310191417;12.734497941692572;12.380731612682997;12.104926303807776;12.555547771647063;11.63390340934852;12.227315099905493;12.04507705193494;11.668884984266247;12.36112133473479;12.64430696154558;12.85739789170129;12.161446847518008;12.758639637024576;12.572700226487292;10.309476353841106;12.648357582009666;12.673309075561695;12.107870914279614;12.588714635582264;12.19598729802851;11.779719355143405;12.256208688527389;11.554588851677638;12.389093521904474;12.940313597145968;12.574357000565888;12.472437000051327;12.184255495405347;11.740624044489412;11.1705510353167;12.106235761615748;12.534546067459992;11.931845540183671;12.408595112798102;12.390437689560535;12.273212809854334;12.40992124124968;12.430452551665532;12.020979938904212;11.891403996665025;12.2246046815385;12.11178773580101;12.680359523513712;12.340406490853294;12.49760238678349;13.038747556217311;12.226412192788786;12.584257887744569;12.295768934420508;12.62890115202819;12.47218311618954
11.567480801143043;11.484319423644267;10.8193807908646;11.483815777264256;11.746514321138465;11.65150022065274;11.389631339260522;11.82456102997028;11.56081046872794;11.81016993766466;11.053925881531104;10.820178962415188;11.764042217306589;11.480790201095816;10.54978466794786;11.434106928609957;11.12670447284319;9.491853096329674;11.151650829973422;12.097044499322951;11.339850002884624;10.711666973564348;11.390168956200185;11.035486451292154;11.81658370778757;10.73047013718422;11.324743110494415;10.677719641641009;11.65150022065274;12.514960563330185;11.635718120331047;11.025139562278508;11.352043425795433;10.83605035505807;11.26795708440284;8.326429487122303;10.752380646552892;11.3701424794954;9.813781191217036;12.07648160120702;10.222794902868111;11.553629293916364;11.513234113806051;11.637077657143664;11.169925001442312;10.949097155729207;11.400345796534694;11.706496018061188;12.354800344350595;11.542548262335211;11.459431618637296;11.821773981970567;11.566054038171092;9.118941072723509;11.837233700339088;10.99435343685886;10.280770770130603;10.383704292474052;11.66222330531784;10.830515206976838;11.81498293642679;11.609640474436812;11.137631598235428;11.247334178028728;11.257387842692651;11.552188759557149;11.052568050804153;11.338179249900112;11.782179193831208;10.4189067312579;11.558898981146704;11.568906154502084;10.59898297103609;11.152918576136624;11.746514321138465;11.388017285345136;11.337621901992508;11.603162679534382;11.724940118462358;10.198445041452365;12.07112712494831;11.61378946447258;11.743572188935634;11.59898297103609;10.345405246717796;11.724087461793989;11.205793249397155;11.130570562805426;12.231521210875703;11.33147682185962;11.837627933171404;11.293471648838134;11.4231159101471;11.094077685671904;9.897845456005513;11.334831928118;11.1006623390052;11.483815777264256;11.659995892429976;11.531381460516313;11.688250309133178;12.024447124040648;11.573647187493322;11.64430696154558;11.62113611327464;11.393390457443989;12.070791809423062;11.34318571544788;11.385323176175872;11.70606426733497;11.958915156091347;10.925554439873554;11.588714635582264;10.919608238603251;11.24555270625568;11.65284497300198
13.928888439397635;13.103615656394544;13.321787199820022;13.701306461958623;14.40613855699101;14.00088028255882;13.71960272783563;13.699355555588465;13.933321820732946;14.013758836031451;12.993292241488549;12.887791791341588;13.97513145692134;13.722380635163802;13.238106137432077;13.824063737544932;13.363313464373478;11.993292241488549;13.438012087651131;14.445920127175183;13.985308297255852;13.28828934218097;13.905575039562663;12.891973519025557;13.462374459083035;13.33427328530719;13.532355925288847;11.77561028075954;14.00088028255882;14.184487969428822;13.731425107642949;12.982458880127355;13.761031735466885;13.272046524389935;13.614709844115207;10.002815015607052;12.438012087651131;13.39660478118186;12.125090539303256;13.533816389433364;12.635264656539514;13.60095823133701;13.781154770695863;13.905575039562663;13.407666097055015;13.112276591639276;13.488593333835407;14.290450899356378;14.04106018568536;13.482303782323182;13.563196272216738;14.40886043602476;14.075729827726908;12.076815597050832;14.599680430581166;13.252961036393684;12.468878553819426;13.076147528022505;13.504074114520575;12.293759009667864;13.771902080697716;13.81678367937856;13.45249865769279;13.541580659991167;13.633222303800787;13.957827560833744;13.460327901362929;13.632768054728746;14.14950897897083;12.391780606013166;13.7638347994296;13.832296678749884;12.58660526060361;13.158294103604035;14.310541781140756;13.694684350366172;13.378836713210614;13.948458492301468;13.982280604558284;11.664891669286089;14.062214824659108;13.721526464007477;13.932491598812405;13.903317005908717;13.045418397030792;13.562480945349316;13.57104154760109;13.543394382361663;13.97235161044064;13.967586527296072;13.711666973564348;13.64622117183188;13.567718457850754;13.460583879901726;12.101975670949232;13.340823716009012;13.66111002874366;13.186578551633048;13.867085646616836;13.831604145543634;13.407666097055015;14.139391470419255;13.85817531057549;13.5907039951622;13.63117705570398;13.41903845415604;13.530772085621978;13.64374347482167;13.82326771294876;14.09341756438796;14.609986679703654;13.41481734468885;13.678710163506825;13.28424574982967;13.79644525906185;13.985130373466898
