SYN-SAMPLE-386;SYN-SAMPLE-407;SYN-SAMPLE-217;SYN-SAMPLE-336;SYN-SAMPLE-98;SYN-SAMPLE-47;SYN-SAMPLE-183;SYN-SAMPLE-377;SYN-SAMPLE-110;SYN-SAMPLE-345;SYN-SAMPLE-353;SYN-SAMPLE-169;SYN-SAMPLE-107;SYN-SAMPLE-156;SYN-SAMPLE-89;SYN-SAMPLE-102;SYN-SAMPLE-203;SYN-SAMPLE-195;SYN-SAMPLE-61;SYN-SAMPLE-397;SYN-SAMPLE-51;SYN-SAMPLE-241;SYN-SAMPLE-127;SYN-SAMPLE-166;SYN-SAMPLE-101;SYN-SAMPLE-149;SYN-SAMPLE-321;SYN-SAMPLE-248;SYN-SAMPLE-463;SYN-SAMPLE-26;SYN-SAMPLE-500;SYN-SAMPLE-464;SYN-SAMPLE-266;SYN-SAMPLE-162;SYN-SAMPLE-330;SYN-SAMPLE-390;SYN-SAMPLE-153;SYN-SAMPLE-237;SYN-SAMPLE-465;SYN-SAMPLE-314;SYN-SAMPLE-79;SYN-SAMPLE-328;SYN-SAMPLE-141;SYN-SAMPLE-271;SYN-SAMPLE-491;SYN-SAMPLE-156;SYN-SAMPLE-225;SYN-SAMPLE-462;SYN-SAMPLE-471;SYN-SAMPLE-386;SYN-SAMPLE-142;SYN-SAMPLE-13;SYN-SAMPLE-413;SYN-SAMPLE-104;SYN-SAMPLE-477;SYN-SAMPLE-230;SYN-SAMPLE-73;SYN-SAMPLE-323;TCGA-EL-A3ZQ-11A;TCGA-BJ-A3PR-11A;TCGA-KS-A41J-11A;TCGA-EL-A3MY-11A;TCGA-BJ-A2NA-11A;TCGA-EL-A3GZ-11A;TCGA-EL-A3T8-11A;TCGA-EL-A3TB-11A;TCGA-EL-A3ZT-11A;TCGA-DO-A1JZ-11A;TCGA-H2-A2K9-11A;TCGA-EL-A3ZG-11A;TCGA-EL-A3MW-11A;TCGA-BJ-A28R-11A;TCGA-EM-A1YC-11A;TCGA-ET-A2MX-11C;TCGA-BJ-A290-11A;TCGA-EL-A3TA-11A;TCGA-BJ-A2N9-11A;TCGA-BJ-A3PU-11A;TCGA-EM-A1CT-11A;TCGA-EL-A3ZS-11A;TCGA-BJ-A2N7-11A;TCGA-EL-A3ZH-11A;TCGA-ET-A3DW-11A;TCGA-ET-A2N5-11B;TCGA-EM-A3ST-11A;TCGA-EL-A3T1-11A;TCGA-EM-A1CV-11A;TCGA-EM-A1CW-11A;TCGA-EL-A3N3-11A;TCGA-EL-A3MX-11A;TCGA-EL-A3ZL-11A;TCGA-EL-A3ZR-11A;TCGA-EL-A3ZK-11A;TCGA-GE-A2C6-11A;TCGA-BJ-A28W-11A;TCGA-EL-A3ZP-11A;TCGA-EL-A3T7-11A;TCGA-KS-A41I-11A;TCGA-BJ-A28X-11A;TCGA-EL-A3T0-11A;TCGA-EL-A3T6-11A;TCGA-EL-A3H1-11A;TCGA-EL-A3N2-11A;TCGA-E8-A2JQ-11A;TCGA-EM-A1CU-11A;TCGA-EL-A3ZO-11A;TCGA-EL-A3H7-11A;TCGA-KS-A41L-11A;TCGA-EM-A1CS-11A;TCGA-EL-A3H2-11A;TCGA-BJ-A2N8-11A;TCGA-FY-A3TY-11A;TCGA-EL-A3T2-11A;TCGA-EL-A3ZM-11A;TCGA-EL-A3T3-11A;TCGA-ET-A3DP-11A
8.886077880859375;9.209742546081545;8.904830932617188;8.894699096679688;8.917841911315918;9.830313682556152;9.289203643798828;9.659523963928224;8.96267032623291;8.884693145751953;8.89534854888916;9.277915954589844;9.87398624420166;9.36208438873291;9.884148597717283;9.354849815368652;9.613329887390137;9.886529922485352;9.563636779785156;9.660109519958496;8.884296417236328;9.887471199035645;9.748735427856444;9.887649536132812;9.8869047164917;9.67487335205078;9.88906192779541;8.896279335021973;9.18846035003662;9.10072898864746;9.88841438293457;9.78652000427246;9.86286449432373;9.68285083770752;8.937224388122559;9.883824348449709;9.76111888885498;9.029908180236816;9.679384231567385;8.888667106628418;8.973366737365723;9.888175010681152;8.884255409240723;8.885675430297852;9.813658714294434;9.36208438873291;8.8878755569458;9.55913543701172;9.847760200500488;8.886077880859375;9.846256256103516;8.91752815246582;9.533370018005373;9.532577514648438;9.319690704345703;9.307868003845217;8.884241104125977;9.531740188598633;9.23840473932508;9.804131021183318;9.481799431665753;9.26209484537018;9.442943495848729;9.055282435501187;9.233619676759702;9.672425341971495;8.754887502163468;9.118941072723509;9.611024797307351;8.169925001442312;8.939579214314692;9.661778097771988;8.854868383260236;9.312882955284357;9.569855608330949;9.64745842645492;9.935165049603697;9.640244936222343;9.72451385311995;9.564149489985732;9.39231742277876;9.269126679149418;9.447083226209651;9.453270634010623;9.057991722759176;9.581200581924955;8.957102041562287;7.700439718141092;9.7515440590891;9.842350343413807;9.005624549193879;9.139551352398794;9.485829308701904;9.654636028527968;9.560332834212442;9.41574176829009;8.954196310386875;9.7714894695006;10.1357092861044;9.41574176829009;9.489847960439295;9.79603960882977;9.113742166049189;10.20212382383046;8.640244936222345;8.918863237274595;9.154818109052105;9.501837184902296;9.899356922923111;9.620219825507489;10.030667136246942;8.658211482751796;9.434628227636724;9.337621901992508;9.679480099505446;9.257387842692651
14.683479309082031;15.206398010253906;14.678705215454102;14.678668022155762;14.79493522644043;16.05057144165039;14.79397678375244;15.0792875289917;14.678683280944824;15.484198570251465;14.67872714996338;16.098552703857422;16.14775276184082;16.092178344726562;16.100378036499023;15.68875789642334;14.888261795043944;15.528698921203612;15.784341812133787;15.728231430053713;14.698638916015623;15.090696334838867;15.976618766784668;14.762286186218262;15.8395414352417;16.14421272277832;16.147706985473633;16.124845504760742;14.67866039276123;16.081623077392578;16.098936080932617;16.146181106567383;16.147380828857422;15.935514450073242;15.867440223693848;16.145509719848633;16.0907039642334;16.143571853637695;16.11518096923828;14.679673194885254;15.781842231750488;16.14762306213379;14.679415702819824;14.67898654937744;16.009719848632812;16.092178344726562;14.684457778930664;14.679330825805664;16.141172409057617;14.683479309082031;16.136335372924805;14.74655532836914;15.906264305114746;14.69329071044922;14.680087089538574;15.830812454223633;14.67866039276123;15.457324981689451;15.963392840038406;14.600377553107844;16.18359661550095;16.090608674341276;15.380866867456533;15.462981472451387;15.478548446573452;16.207052461991463;15.805290440031529;16.400662668940345;16.325621677625207;14.875605381852449;16.19834911439086;15.407765663075432;14.782486378978945;15.496572948686955;16.68071663644777;15.967834159685438;16.10470112100432;16.162076570374314;15.850040294276956;12.340128273700588;16.54307714550171;16.263360906611744;15.66266837551754;15.862443642212297;15.08219063136327;15.503794687923309;15.876061236205071;15.381272555711789;15.66041379438262;16.165201436378236;15.675516044082778;15.644644947968796;15.626564618694632;14.756869011549092;13.990990303530822;15.593040911589412;16.003210437026794;14.91564600478507;15.078275920403948;15.78481374010061;15.693677518307336;15.84379840129866;15.713332810280487;15.392988162965136;15.677471904877132;15.38562651473644;16.02524772573819;16.150421637625772;16.251020029107448;15.843234077004007;16.849502841203268;15.615715837490388;15.41131236544125;15.147403695287522;15.916462648854507;16.239150973780703
12.342329978942873;13.527560234069824;12.34844970703125;12.349509239196776;12.34164333343506;13.41440200805664;12.356866836547852;13.372374534606934;12.344011306762695;13.467769622802734;12.34153652191162;13.617431640625;13.64174461364746;13.355745315551758;12.616357803344728;12.779945373535156;13.308149337768556;13.598824501037598;13.365816116333008;13.333849906921388;12.342328071594238;13.58026885986328;13.318277359008787;13.623108863830566;13.578547477722168;13.639120101928713;13.641777992248535;12.36831283569336;12.341529846191406;13.408638954162598;13.210869789123535;13.639763832092283;13.641646385192873;13.160881042480469;13.233946800231934;13.620943069458008;13.62541389465332;13.499838829040527;13.01532745361328;12.341876983642578;13.315526962280272;13.199490547180176;12.34154987335205;12.341557502746582;13.621898651123049;13.355745315551758;12.345335960388184;12.374838829040527;13.56831169128418;12.342329978942873;13.491512298583984;12.341520309448242;13.55303955078125;12.392081260681152;12.34157943725586;13.142125129699709;12.34151554107666;12.945598602294922;13.485326189240524;11.701306461958623;13.56379210712418;13.513850940118791;12.81678367937856;13.360572781480696;13.313449940963055;13.43827205612483;13.386670859637618;13.187042714339894;13.909143047339898;11.529918528120325;13.524051918717824;13.25797705856398;12.114393054867309;12.844901876019785;14.000528233986822;13.7238742188639;13.031701202740305;13.59735425297161;13.264442600226602;10.8193807908646;13.54978466794786;13.336646024747372;13.117967703717133;13.261213451366048;12.32895536178133;13.313449940963055;13.061539958530144;13.193371349821495;13.928795932261515;13.662557120839184;13.666667840690357;13.295625461192714;13.094242668809017;12.936453910041177;11.14210705730255;13.215381320721084;13.413098984915264;13.005273656563938;13.661889412539288;13.243769031961852;13.032390168866524;13.496354488564617;13.699138625275914;13.285257710919934;13.219319801859132;13.20074537950159;13.213559927476458;13.173833263682058;12.97656412341533;13.61114009761038;14.147363943409283;13.376939321619846;13.782793498733351;12.720458038393296;13.325867580575418;13.673640336144274
11.832594871520996;10.213595390319824;9.577585220336914;9.43221664428711;11.8369722366333;11.824397087097168;11.23932933807373;11.157631874084473;9.43221664428711;9.450242042541504;9.558337211608888;11.310302734375;9.432222366333008;11.754179954528809;9.474493026733398;9.53464412689209;9.844156265258787;11.835055351257324;11.719145774841309;11.82917594909668;11.44595432281494;11.752704620361328;11.733627319335938;11.823101043701172;10.355764389038086;11.774078369140623;9.43221664428711;11.810056686401367;9.461461067199709;11.612492561340332;11.834024429321287;9.432230949401855;9.45497703552246;11.835369110107422;11.721478462219238;9.944124221801758;11.836851119995115;9.718607902526855;11.836566925048828;9.46566104888916;11.835155487060549;11.835774421691896;11.749048233032228;9.465827941894531;9.434142112731934;11.754179954528809;11.73257541656494;9.432217597961426;11.75896453857422;11.832594871520996;11.826807022094728;11.8345947265625;11.766481399536133;11.79809284210205;9.43234634399414;11.83067226409912;9.433032989501951;11.754263877868652;10.861862340059153;11.162391328756906;10.83289001416474;9.693486957499324;11.194756854422248;9.409390936137704;10.542064542283445;10.105908508571158;10.002815015607052;9.871905237659186;11.54882190845875;9.400879436282183;10.034798962577268;11.61194694181998;10.41679752760606;10.326429487122304;10.269126679149418;10.852529509404196;12.4542992936199;10.400879436282183;10.030667136246942;12.079818085212354;10.788718332690458;10.353146825498085;9.73978060977326;10.496853777388042;9.533329732305834;11.066761932386909;9.90388184573618;9.430452551665532;11.637530551525307;10.579315937580017;10.838416075797335;10.074141462752506;11.28886607416582;11.456354415108288;8.703903573444663;11.768597882194374;10.987974524296153;12.543273538449805;13.25915476886684;11.096715154488535;11.37937836707126;11.156715144224702;10.572700226487292;12.735132884139947;10.118941072723509;9.581200581924955;10.668884984266247;10.577428828035748;9.782998208920414;10.430452551665532;11.29117069932186;9.871905237659186;9.590587049915037;8.974414589805527;10.562242424221072;9.957102041562289
12.257407188415527;11.313573837280272;11.259493827819824;11.259465217590332;12.45339012145996;11.79495334625244;12.380450248718262;11.608227729797363;11.2594633102417;11.259465217590332;12.009222030639648;12.1907320022583;11.38740348815918;11.787362098693848;12.156914710998535;12.462523460388184;12.338662147521973;12.111980438232422;11.32302474975586;12.21454620361328;12.375398635864258;12.406676292419434;11.66622257232666;11.750739097595217;11.321959495544434;12.33057689666748;11.2594633102417;12.462485313415527;11.320941925048828;11.366787910461426;12.462501525878906;12.462491989135742;11.261579513549805;12.067475318908691;12.023192405700684;11.261237144470217;12.445947647094728;12.375121116638184;12.454917907714844;11.262333869934082;11.950146675109863;12.462526321411133;11.87758445739746;11.260379791259766;11.609047889709473;11.787362098693848;12.458125114440918;11.259527206420898;11.260144233703612;12.257407188415527;12.034717559814451;12.462526321411133;12.047273635864258;12.271119117736816;11.295961380004885;12.386691093444824;11.259604454040527;11.353384971618652;11.338736382573916;12.062383491876334;10.94397991434374;10.799281621521924;10.493855449240822;10.067434360756522;10.760719947465624;10.79766152585376;10.286557761607956;10.083479327331842;10.676838606474153;10.449148645375436;10.578372691360803;10.531381460516313;10.638435913990472;10.926295994781112;10.981567281903017;11.241387363998935;11.322491537597468;11.243769031961852;10.854089179870574;11.581200581924955;10.778898476008376;11.02997734658958;10.63117705570398;10.857203471508166;11.082814337672271;10.851749041416058;10.526499239136566;9.489847960439295;11.040289721025715;11.252074042796185;10.733015321685963;10.938844457466171;10.810571634741146;10.480790201095816;11.660441650209172;10.826548487290914;10.708221730038352;11.1767964781476;11.271463027904376;10.77561028075954;10.987264012072538;10.922584402713664;10.725366257895642;10.926295994781112;10.15608307628868;10.91139198784346;10.825753832883112;11.29232163280204;10.99929538702341;10.828136484194108;10.878817284614229;10.323054760341646;10.762382038710392;10.715104009236168;11.124121311829189;10.497851836951115
10.85633945465088;11.030871391296388;10.993045806884766;11.403443336486816;10.855941772460938;10.85645866394043;13.242860794067385;10.99650764465332;11.464154243469238;10.95520305633545;12.633038520812988;10.856489181518556;13.185565948486328;11.83433723449707;13.2763090133667;13.274832725524902;12.98901653289795;13.275870323181152;10.866877555847168;13.273028373718262;10.855904579162598;13.276864051818848;10.85641860961914;13.21822738647461;10.862618446350098;12.970849990844728;13.265538215637209;11.020419120788574;11.162540435791016;12.895515441894531;11.697870254516602;10.856324195861816;13.27706241607666;10.935463905334473;13.19485569000244;13.27365493774414;10.856070518493652;12.990472793579102;11.969856262207031;11.27684497833252;13.182055473327637;10.858899116516112;10.893510818481444;10.905848503112791;13.27700138092041;11.83433723449707;10.85600471496582;11.409420013427734;11.278236389160156;10.85633945465088;11.051179885864258;13.18730354309082;13.272326469421388;10.999970436096191;12.871530532836914;11.39866542816162;12.787418365478516;11.044852256774902;13.944986520293032;13.116343961237469;12.317129926384542;13.982369745096536;12.031701202740305;12.035830072835015;12.619761463298424;12.532112370794998;13.070120944476823;12.151967870968187;13.250002267840449;12.367687756270046;12.898601387403938;11.430975172588068;12.391243589427445;12.1331422124006;11.233619676759702;14.721259431774518;13.10443495055075;12.58941707576861;12.715318552331349;13.125252013928852;13.790959333698824;13.619073646817748;11.21856323619027;13.43306376512207;11.588246152044816;14.330566802880345;13.639340708652233;12.766735939529964;13.34179677239183;12.33147682185962;14.639623340652529;13.749974148845798;12.3701424794954;12.722380635163802;13.003869231979056;13.148158772937894;13.943338981049395;12.322491537597468;12.934612328171395;12.66222330531784;15.53107680524311;13.050868963290736;13.588246152044816;13.101647450030766;12.735767547266637;14.658769347899648;15.613847005405518;13.493980504070432;11.509775004326936;11.812979471251484;11.823367240046236;14.026955633002878;14.221285017810471;13.809768128710411;12.375039431346924;14.81818270494864
12.66683292388916;14.029332160949709;12.804095268249512;13.249484062194824;12.665605545043944;14.09157943725586;12.68087673187256;14.05911636352539;12.667963981628418;13.938076972961426;12.665085792541504;14.14146900177002;14.160175323486328;14.08749294281006;12.71243667602539;13.439498901367188;13.680890083312988;13.476168632507324;13.734746932983398;13.48606014251709;12.67410945892334;13.55538845062256;14.066628456115724;13.625381469726562;13.610030174255373;14.15334701538086;14.16001796722412;13.244989395141602;12.66510772705078;14.12858772277832;13.836064338684082;14.16015625;14.157878875732422;13.68519687652588;13.66411304473877;13.77680492401123;14.04186725616455;14.157115936279297;13.76343059539795;12.665243148803713;13.836715698242188;14.137362480163574;12.66517162322998;12.665088653564451;13.634711265563965;14.08749294281006;12.673568725585938;12.759953498840332;13.688421249389648;12.66683292388916;13.413169860839844;12.665125846862791;14.05553150177002;12.685454368591309;12.66508960723877;13.659872055053713;12.665079116821287;13.595404624938965;13.249261626599845;12.180530807344482;13.51224664282918;13.805844615494482;13.002990771840553;13.255766257128808;13.415345659275324;13.54677390880832;13.200438879597977;13.255618749839597;13.811876378336391;12.026523442519766;13.429145170478744;13.325867580575418;12.322773176454564;12.803727526553114;13.985308297255852;13.474466464132632;12.961630562578824;13.646108641506103;13.54617100226735;10.696098170955864;13.57187112541885;13.33552992757082;13.618041306851776;13.445144206553636;12.456611099574918;13.194756854422248;13.480790201095816;12.981567281903017;13.730151673173312;13.70433597118232;13.305634287546711;13.270587340447513;13.188434307113564;12.808159772868375;11.525031345124;13.18997894863252;13.220982851081777;12.808360915432784;13.35231935484684;13.37232095486726;13.153552031708111;13.80302113929134;13.60813929084344;13.248224089668474;13.338736382573916;13.155766938445652;13.35933777352322;13.30063855399372;13.267518241801469;13.536732889835417;14.225508720236;13.068274455720507;13.30862344513114;12.75258971764099;13.418379719364957;13.517546370010448
11.69102954864502;12.537883758544922;11.68343448638916;11.68207550048828;11.87448024749756;12.471795082092283;11.879734992980955;12.108771324157717;11.68207550048828;11.848926544189451;11.682165145874023;12.536802291870115;12.531975746154783;11.963193893432615;12.537283897399902;12.537906646728516;11.704176902770996;12.511587142944336;11.71410846710205;12.392087936401367;11.691859245300291;12.53650951385498;12.465978622436523;12.426593780517578;11.682114601135254;12.5361909866333;12.231966972351074;12.53769302368164;11.683791160583496;12.532867431640623;12.52436065673828;12.527685165405272;12.538092613220217;12.20277976989746;12.142125129699709;12.53017520904541;12.538095474243164;12.5182466506958;12.51159381866455;11.682109832763672;12.217222213745115;12.53598403930664;11.685348510742188;11.682090759277344;12.521880149841309;11.963193893432615;12.537744522094728;11.682079315185549;11.885204315185549;11.69102954864502;11.691548347473145;12.474449157714844;12.51862907409668;12.42201328277588;11.682168006896973;11.768060684204102;11.682095527648926;12.5099458694458;12.43306376512207;12.298635406734242;12.39419471001943;12.030667136246942;12.1270270430046;12.199672344836364;12.234518085739987;12.492604304386685;12.088125692188209;12.004571615167656;12.390168956200185;11.389631339260522;12.034798962577268;11.883025068440173;12.053586543639174;12.347898144596012;12.733650916838716;12.41415667927414;12.265615046484458;12.654188473059545;12.450695771572915;10.59898297103609;12.484319423644267;12.090112419664289;12.127349541059118;12.491352073563435;12.273212809854334;11.91737207947684;12.44190670454224;11.240791332161956;12.177730967033272;12.82097669262124;12.345959596404112;12.235715094761895;11.798471801101618;11.325305455089682;11.733015321685963;11.669328004395904;12.370687406807216;11.896710815726117;12.187352073200495;12.096715154488535;12.043710863347156;12.220680621052203;12.168358727223886;11.642954223480332;11.760719947465624;12.14433959124784;12.111461739857722;12.286557761607956;12.240195053979924;12.208539206738363;12.709730036543627;12.038918989292302;12.582377235640692;11.860311054919482;12.459431618637296;12.3009244909763
11.700654983520508;12.809642791748049;11.631900787353516;11.622851371765137;11.86945343017578;12.737994194030762;11.62320327758789;12.79375171661377;11.62292766571045;12.731738090515137;11.623116493225098;12.771357536315918;12.819101333618164;12.034217834472656;11.647652626037598;12.78334617614746;12.800581932067873;12.818514823913574;12.326460838317873;12.456228256225586;11.623607635498049;12.815730094909668;12.331109046936035;12.817797660827637;11.634882926940918;12.81825351715088;12.75289535522461;12.801815032958984;11.624370574951172;12.810052871704102;12.815128326416016;12.815701484680176;12.819096565246582;11.764745712280272;11.738988876342772;12.778986930847168;12.814634323120115;12.80613899230957;11.7461519241333;11.62356185913086;11.928555488586426;12.818798065185549;11.622930526733398;11.62297821044922;12.803377151489258;12.034217834472656;11.859648704528809;11.636319160461426;12.769951820373535;11.700654983520508;12.661368370056152;12.644782066345217;12.818818092346191;11.623563766479492;11.627643585205078;11.985838890075684;11.622840881347656;12.33850383758545;12.460711852141213;11.5980525001616;12.60293079091524;12.871327736134008;12.37531099747307;12.301210371298426;12.723447638422918;12.178664851006472;12.222794902868111;11.993646060016596;12.97280033522448;11.43827205612483;12.4655664048094;12.34318571544788;11.82137539237254;12.004922678569043;13.015937673309226;12.357826882210777;12.025831668332026;12.439830883981392;12.621822947394202;11.023754353299417;12.735979039613404;12.250002267840449;12.870557374326417;12.720244258287568;11.828533210455618;11.850186837645774;12.600377553107844;12.334552633752422;12.62844554013718;12.612177385880992;12.824362133569483;12.037203741151972;11.836444911341369;12.340684654363438;10.802516365121225;11.794415866350104;12.27786854617684;11.800495500466813;12.33622758948339;12.271463027904376;12.279900715802762;12.809768128710411;13.456097684964202;12.404875455015208;12.95637615724967;12.23212108408222;12.616319096976865;12.266493756312183;12.220075970984304;12.562480945349316;13.143702076857933;12.06204613772049;12.626393504173995;11.85642552862553;12.502831804066744;12.810370800183728
14.27369213104248;15.625154495239258;14.10312843322754;14.537931442260742;14.16834545135498;14.757567405700684;14.061982154846191;14.941761016845703;14.003179550170898;14.861248970031738;14.003381729125977;15.67804718017578;15.678479194641112;15.0252685546875;14.008668899536133;15.667679786682127;14.045912742614746;14.099775314331056;14.004547119140623;14.360003471374512;15.676079750061035;15.621330261230469;14.782022476196287;14.41225528717041;14.004932403564451;15.678092956542969;14.003252029418944;15.678159713745115;14.05235767364502;15.64521026611328;15.57214641571045;15.678479194641112;15.663238525390623;14.29726791381836;14.986398696899414;14.044413566589355;15.677812576293944;15.678105354309082;15.52875518798828;14.010306358337402;14.842613220214844;15.67641544342041;14.950494766235352;14.003177642822266;14.267694473266602;15.0252685546875;15.678462028503418;14.004599571228027;14.003990173339844;14.27369213104248;14.008209228515623;15.577346801757812;15.6142578125;15.356670379638672;14.003183364868164;14.035417556762695;14.003246307373049;14.73197078704834;13.279320387942608;13.090608674341276;13.637530551525307;14.081400216090197;13.065416134676548;13.78320289006439;13.401146182153498;13.29619926851494;12.87824254386927;13.918956383482517;13.691089186236532;11.50084187955693;13.651724433108065;12.97710100677111;12.64565843240871;12.955104980216555;14.050783956364931;13.415081526165672;13.296486086615465;13.482303782323182;13.326429487122304;9.850186837645774;13.632200042185133;13.199058823653022;13.523929443651667;13.658546227725854;12.749031382040204;14.038404628941894;13.465056167831175;12.470913026274877;13.79796543240424;14.004044859837435;12.585432051592962;13.07865119332527;13.524419281544802;12.121857245612654;13.11504365016171;13.443202577297011;13.088788238716909;12.398476501449256;12.998766701361516;12.908767882849189;13.20869160678508;14.035658272294071;12.60408986146918;12.798269274949693;12.467860240707878;13.11699367754698;13.221889161471266;13.251186503524336;13.47281774209204;13.618041306851776;14.39332341615394;13.125574908970686;13.101319154423276;12.381542951184583;13.501588422932391;13.746409348239164
12.07845687866211;12.64706039428711;12.078741073608398;12.074726104736328;12.074987411499023;12.72189998626709;12.221783638000488;12.72360134124756;12.074650764465332;12.333006858825684;12.074667930603027;12.95228672027588;13.025306701660156;12.377676963806152;12.98875904083252;13.031296730041504;12.827528953552246;12.940995216369627;12.569077491760254;12.74311065673828;12.081094741821287;13.001690864562988;12.659746170043944;12.984908103942873;12.332674026489258;12.92046356201172;13.03256893157959;12.842206001281738;12.07470417022705;12.676069259643556;13.030282020568848;13.01722812652588;13.030219078063965;12.653122901916504;12.593539237976074;13.007807731628418;13.025042533874512;12.823027610778809;12.995201110839844;12.07474422454834;12.806011199951172;13.032959938049316;12.074776649475098;12.074650764465332;13.007083892822266;12.377676963806152;12.084871292114258;12.075737953186035;12.898486137390137;12.07845687866211;12.595288276672363;12.090827941894531;12.955025672912598;12.180882453918455;12.074718475341797;12.658629417419434;12.074629783630373;12.606258392333984;13.089450481115907;11.83289001416474;13.02167404285837;12.776021715252812;12.45249865769279;12.552188759557149;12.564387696052629;12.876900591040306;12.581435989454384;12.458406613236534;12.910830081296574;12.420223419348645;12.659103963473662;12.59105477403678;12.413892328372643;12.928333307585149;13.132981618529351;13.023407843140218;12.58331786813751;13.077983973962752;13.075980462416286;10.773963368433558;13.245404150930328;13.323477033150423;12.926110641785304;13.027905996569883;12.59269061535341;12.73978060977326;12.59245703726808;12.055960234452296;12.87824254386927;13.029459787824964;13.051208940914766;12.673971520682796;12.627989784315703;12.003517912108602;11.563196272216738;12.448374459662794;12.732803394393494;12.270003253378444;12.40832974076739;12.932399322433792;12.978352958165145;13.090939415984376;12.56652978262417;12.26209484537018;12.389631339260522;12.94982671075911;12.799079209029006;13.116668855967111;13.044735626056909;13.039433166324494;13.59700500260697;12.521845775161932;12.418116141207488;12.969386521342283;12.90048948483465;12.97513145692134
11.186803817749023;10.803618431091309;10.76716136932373;10.708261489868164;10.732721328735352;10.791419982910156;12.71655559539795;12.362292289733888;10.704535484313965;10.706119537353516;10.731891632080078;11.197016716003418;10.744000434875488;12.708982467651367;10.709917068481444;12.717292785644531;12.796448707580566;12.796793937683104;12.557076454162598;12.799426078796388;10.70487117767334;12.779101371765137;10.758502960205078;12.790655136108398;10.77878761291504;11.265533447265623;10.704535484313965;10.750184059143066;10.706769943237305;12.763107299804688;12.724878311157228;10.705574035644531;10.742443084716797;12.768400192260742;12.799562454223633;10.730938911437988;10.730728149414062;12.352741241455078;12.787620544433594;10.705188751220703;12.800040245056152;10.887426376342772;10.784815788269045;10.70453929901123;11.490158081054688;12.708982467651367;10.705049514770508;10.704544067382812;10.831387519836426;11.186803817749023;12.710591316223145;11.807843208312988;12.799663543701172;11.209322929382324;10.704543113708496;12.79922103881836;10.704535484313965;12.272659301757812;14.421078622653663;10.790348496751914;12.680359523513712;11.95746484680521;10.116343961237469;11.3151495622563;12.034111146096592;11.436190995481416;11.91625269881221;10.506803437795648;11.0566377151132;12.55170826162069;13.347067657165873;11.40832974076739;11.031356596255709;12.433585441150496;11.17367713630342;13.506431561252567;11.640696837570092;11.347621368568134;11.020285500844649;12.022020969646356;12.622051819456376;14.533573081389802;11.891024190149498;11.773551346428505;10.925554439873554;14.058414589673388;12.160186576600662;11.281350514981035;13.67087750439698;11.461479447286155;14.459751783535282;13.411775775576528;12.79968636133125;11.111135670234708;8.974414589805527;11.43514933836693;12.45917543555203;13.635264656539514;10.811374693509942;10.849405100947758;15.442263185600936;13.11877889015452;13.056807035580608;10.10459875356437;11.007728114632254;14.79197682089869;15.084060941950035;12.192292814470768;10.75905593916017;10.889503963411476;10.568906154502084;11.948732239819616;12.356451970221755;11.895953892812168;11.350386742312844;14.930275335112052
10.211944580078123;11.449986457824709;10.234143257141112;10.94692039489746;10.21169376373291;11.360179901123049;10.246562957763672;10.926859855651855;10.254351615905762;11.6021728515625;10.211698532104492;11.624083518981934;11.6470308303833;11.14015769958496;11.16488265991211;11.161300659179688;11.192171096801758;10.418364524841309;10.961710929870604;10.605368614196776;10.216774940490724;11.1764554977417;11.450091361999512;10.718257904052734;11.552657127380373;11.631954193115234;11.647031784057615;10.222818374633787;10.211706161499023;11.464210510253906;10.38737678527832;11.646899223327637;11.64699363708496;10.745346069335938;11.038990020751951;11.635133743286133;10.98929214477539;11.587785720825195;10.569953918457031;10.21229648590088;10.920571327209473;10.42128086090088;10.21175479888916;10.211779594421388;11.638699531555176;11.14015769958496;10.212239265441896;10.81484603881836;11.201147079467772;10.211944580078123;10.852754592895508;10.21168613433838;11.50130558013916;10.253280639648438;10.212079048156738;10.478541374206545;10.21168613433838;10.822319984436035;11.461479447286155;9.573647187493322;11.647908074281808;11.67065624911844;10.536247215688128;11.236014191900084;11.08746284125034;11.593857938858225;11.419433550705378;11.08746284125034;11.776021715252812;9.933690654952231;11.593857938858225;11.152284842306582;10.517669388133813;11.09077405464075;11.661778097771988;11.519636252843211;10.725366257895642;11.70173963867435;11.48733761520718;8.118941072723507;11.712097051087548;11.76983784362944;11.447083226209651;11.105253779700885;9.99717948093762;10.978710459106358;10.92035285541508;11.157346935362844;11.760304125286382;11.397139806235604;11.719388820942084;11.567956075415466;11.298635406734242;10.772314573921651;8.693486957499324;11.385323176175872;11.50332885662666;10.758223214726724;11.267371931265274;11.619302955415687;11.107217075591382;11.785043714779723;11.698270577692032;10.961449694398196;11.287712379549449;11.197216693110052;11.403544678202014;11.383704292474052;11.23421867823847;11.693051295397;11.995767150877802;11.199672344836364;11.21856323619027;10.979425195331473;11.273212809854334;11.857203471508166
13.093153953552246;13.601966857910156;12.925399780273438;12.948663711547852;12.945571899414062;13.059173583984377;14.001590728759766;13.319600105285645;12.925223350524902;12.92604160308838;12.997222900390623;14.884547233581545;14.889490127563477;13.801644325256348;12.940641403198242;14.882112503051758;14.40156078338623;12.93230438232422;12.92589282989502;13.533014297485352;14.886863708496094;14.86042022705078;13.321866035461426;12.937392234802246;13.67099952697754;14.888971328735352;12.925289154052734;14.88979434967041;12.967495918273926;14.77001667022705;14.8877534866333;14.889854431152344;14.498031616210938;13.401777267456056;14.752686500549316;13.037347793579102;13.78320598602295;14.88966178894043;14.492576599121094;13.01348114013672;13.361745834350586;14.889676094055176;13.780561447143556;12.92522144317627;14.783884048461914;13.801644325256348;14.884194374084473;12.927491188049316;12.925228118896484;13.093153953552246;12.947779655456545;14.889588356018066;14.84183120727539;14.659318923950195;12.933005332946776;13.126338005065918;12.925251960754396;12.96433925628662;15.21973574392368;11.465056167831175;12.7737573721398;13.7282394114253;10.358651200892886;10.989394499844732;11.913637428049103;12.762174381993102;11.582141981658776;12.39231742277876;10.618385502258606;11.943247395901553;14.196141029718238;10.923327485419192;12.13699111208023;12.050528905530555;12.673750739438065;14.50624558702854;12.671983272091865;11.782588759494963;12.214926187942435;12.575775579874763;12.738725622493424;14.138511802674932;12.029632328044135;11.377210530388552;10.406205005418856;15.161564941492689;12.561526624136484;10.916625922211235;13.74157231951848;12.607561496354206;14.151175137808572;14.133543618886286;12.99806148563642;11.81698362325538;12.681018739902102;12.887791791341588;14.092674566725234;13.039433166324494;11.554588851677638;12.056299014550335;14.953150632063606;13.560093957642495;13.086302118782552;12.087131301540529;11.375039431346924;14.478769619475765;15.631518131801762;11.881113960675096;12.436451292286977;11.965062756744627;10.290018846932618;10.480790201095816;13.831999919509736;13.072132604167232;12.466076461396252;14.72940831698402
14.892871856689451;16.31304359436035;14.89148235321045;14.89138126373291;14.8939208984375;15.811063766479492;15.95013427734375;15.082366943359377;14.90994644165039;16.361148834228516;14.892077445983888;16.308244705200195;16.371238708496094;15.424503326416016;16.37347412109375;16.371824264526367;14.904438972473145;15.440569877624512;15.057158470153809;15.920820236206056;14.911571502685549;15.957802772521973;15.7454252243042;14.973613739013672;15.461899757385254;16.37103271484375;16.373483657836914;16.357210159301758;14.891362190246582;15.877568244934082;15.08729076385498;16.3662109375;16.37348175048828;15.841403007507324;15.695975303649902;16.373146057128906;16.154569625854492;16.351667404174805;15.831482887268066;14.90264892578125;15.58749294281006;15.639395713806152;14.921449661254885;15.619674682617188;16.373445510864258;15.424503326416016;15.655795097351074;14.89997386932373;16.320966720581055;14.892871856689451;15.066431045532228;14.898921012878418;15.350969314575195;15.260048866271973;14.92421817779541;14.979379653930664;14.90014934539795;15.65011501312256;17.079297267953322;15.901856811968903;17.381382409984795;16.41172613160987;16.126563325715097;16.36218356348746;16.859182902142923;16.784379243437744;17.127440230649455;16.244438168275632;17.15577681880192;15.526346403176795;16.50481898763284;15.98850717892317;16.908404349191226;17.016177144641983;17.297328285169055;16.88212955188097;16.22622401599265;17.099049821020355;15.956988646210542;12.818382455041156;16.989128360866413;17.126522995427695;16.109443000310264;16.935567942192904;16.739582858413772;15.712661333339431;16.895977552665407;15.928888439397635;16.185320693862266;17.50826677059824;16.324022285996254;16.677169057716114;16.39320608639947;15.055663736593432;14.927500209145649;16.385778160102785;17.423780691742632;16.01878698035644;16.319636843348214;16.148397136431353;16.201626204182613;16.485813588874272;16.44049612044172;15.766684184582392;15.778795833267706;16.28949661089696;15.917045683157154;17.125847295460854;16.944265953371758;16.563643171465788;17.016645087505285;16.882726624679435;16.628274648575864;16.07196507295403;17.01476150988813;15.621078862335493
12.786799430847168;12.750856399536133;12.308611869812012;12.308606147766112;13.200689315795898;12.53400421142578;13.132852554321287;12.31719207763672;12.308606147766112;12.30864143371582;12.888886451721191;12.449594497680664;12.924212455749512;12.868738174438477;13.200961112976074;13.200990676879885;12.522689819335938;13.184654235839844;12.41713809967041;13.086899757385254;12.314969062805176;13.045408248901367;12.619322776794434;12.48382568359375;12.30865478515625;13.03827953338623;12.309117317199709;13.200885772705078;12.370372772216797;12.726251602172852;13.19428253173828;13.20063304901123;13.078336715698242;12.55205535888672;13.093767166137695;12.37454891204834;13.199297904968262;13.13286590576172;13.186217308044434;12.309144973754885;12.895155906677246;13.200763702392578;12.56694507598877;12.463541030883787;12.9931001663208;12.868738174438477;13.19770336151123;12.308652877807615;12.37388038635254;12.786799430847168;13.056827545166016;13.200989723205566;12.658571243286133;12.563813209533691;12.648170471191406;13.140554428100586;12.390538215637209;12.81236743927002;12.804332726187615;13.325024310191417;12.6640027628865;12.5980525001616;12.244066464194818;12.236014191900084;12.676397887044764;12.389900172773064;12.3445733225962;12.213408040858337;12.67529549909406;12.129926933510394;12.189206834597025;12.458150248057557;12.659103963473662;12.589651146514786;12.80634822671225;12.775816012673026;12.83466855769086;12.763627351727628;12.754052367528924;12.056299014550335;12.79197682089869;12.619073646817748;12.534059656450363;12.786473845221302;12.997532347526366;12.324743110494415;12.822172461476178;11.006326078524934;12.492604304386685;13.183945471757246;12.541338657970826;12.450953464712992;12.420223419348645;11.952013164889486;13.058330026205653;12.28886607416582;12.635037871183252;12.496853777388042;12.531137741444716;12.244958393151132;12.705848343508944;12.708221730038352;12.38720958071964;12.298921740969751;12.16679075071818;12.5473765634981;12.409656113059851;12.72749506902543;12.772520776314757;12.241089378860856;13.15813628540764;12.19567978549598;12.458150248057557;12.637756945412145;12.829326335841666;12.817583288677616
7.469140529632568;8.068794250488281;7.475045680999756;7.46980619430542;8.893379211425781;8.780384063720703;9.71738052368164;7.465057373046875;9.673221588134766;8.166759490966797;8.808195114135742;7.471317768096924;8.542926788330078;9.105830192565918;9.750693321228027;9.750313758850098;7.46953535079956;9.750479698181152;7.522474765777588;9.738792419433594;7.464166641235352;9.730483055114746;7.987585544586182;9.725544929504396;7.47206449508667;7.700347900390625;9.750158309936523;9.538111686706545;9.399937629699709;8.479108810424805;9.45818328857422;7.467109203338623;9.75036334991455;9.442095756530762;8.348773002624512;9.74961280822754;8.685691833496094;7.833650588989258;9.671764373779297;7.984938144683838;8.887629508972168;8.528228759765625;7.75172758102417;9.748631477355955;9.749013900756836;9.105830192565918;8.40168571472168;9.685373306274414;9.7504243850708;7.469140529632568;9.475349426269531;9.676644325256348;9.400766372680664;8.551275253295898;9.746633529663086;8.125448226928711;9.749800682067873;9.367595672607422;8.308339030139408;10.697836357962377;8.487840033823051;10.837627933171404;8.845490050944376;8.049848549450562;8.707359132080883;9.12670447284319;10.78953364497036;9.447083226209651;11.015415052386688;8.784634845557521;8.149747119504681;8.744833837499545;8.562242424221072;8.405141463136344;8.321928094887362;8.997179480937621;8.335390354693924;8.88264304936184;10.27262978497637;8.800899899920305;10.869593843240784;9.199672344836364;9.036173612553483;12.107217075591382;9.584962500721156;7.584962500721156;10.606405212697783;9.845490050944376;7.665335917185176;9.144658242831882;9.118941072723509;12.113742166049189;8.696967526234287;10.127994320976391;10.023754353299417;10.358651200892886;12.221889161471266;8.257387842692651;10.567005370247031;9.44086916761087;10.071462362556623;8.774787059601174;10.383704292474052;9.041659151637214;10.161131882984307;10.278449458220482;9.758223214726724;12.792790294301064;9.667111542075029;9.30149619498255;9.659995892429976;10.779719355143405;10.480790201095816;12.213711798105672;9.69522829149575;9.044394119358454
7.4183526039123535;9.640438079833984;9.481268882751465;7.42884635925293;7.466837882995605;7.429966449737549;7.422285079956055;9.521326065063477;9.38747787475586;8.570622444152832;7.433900356292725;7.688694000244141;9.698164939880373;7.815792083740234;9.657952308654783;7.821104049682617;8.431230545043945;8.838183403015137;9.689701080322266;8.14070987701416;7.417845249176025;9.522224426269531;7.49602746963501;7.719802856445312;8.918270111083984;9.189335823059082;9.702956199645996;9.701539039611816;7.912834167480469;9.344157218933104;9.70252513885498;9.664050102233888;9.70265007019043;7.4352521896362305;9.54608917236328;9.70283031463623;9.641724586486816;9.650790214538574;8.44400691986084;7.731414318084717;7.574568271636963;9.70295524597168;7.417708396911621;7.417730808258057;9.382628440856934;7.815792083740234;7.684969425201416;7.552173137664795;9.327122688293455;7.4183526039123535;9.244945526123049;9.693526268005373;8.449162483215332;7.426413059234619;8.361159324645996;8.424921035766602;7.417847633361816;9.175907135009766;10.599912842187129;9.041659151637214;10.348728154231075;9.857980995127573;9.79603960882977;10.395534135462302;10.277287400130357;10.383704292474052;10.018200178813226;9.39231742277876;9.929258408636972;8.375039431346925;10.41679752760606;9.556506054671928;9.426264754702098;10.721953612801386;10.675074920385445;9.868822554775;9.76983784362944;10.092757140919852;10.482807956726669;7.044394119358453;10.225207436943505;10.266786540694902;9.199672344836364;9.984418458801136;9.436711542137214;9.26209484537018;9.240791332161956;10.25974326369078;9.473705749619416;10.178664851006472;9.991521846075695;9.839203788096944;9.658211482751796;8.823367240046235;7.734709620225838;9.61654884377899;10.197216693110052;9.194756854422248;9.221587121264806;9.902375114486023;9.162391328756906;9.894817763307945;9.693486957499324;9.047123912114026;9.86727873970966;10.308339030139408;8.721099188707186;10.13827180017222;10.651948610723446;9.935165049603697;9.90839262077375;10.27262978497637;10.31174831500496;9.992938336165814;10.43879185257826;9.874981347653774
10.33375072479248;10.508874893188477;10.33588695526123;10.40434455871582;10.33403491973877;11.367630004882812;10.422754287719728;10.43103313446045;10.335657119750977;10.453624725341797;10.333680152893066;11.443737983703612;11.508722305297852;11.310401916503906;11.20619297027588;10.66256332397461;10.695564270019531;11.370777130126951;10.827200889587402;11.06666088104248;10.335790634155272;11.425044059753418;11.36071491241455;11.443918228149414;11.495878219604492;11.477108001708984;11.50879955291748;10.399506568908691;10.334088325500488;11.117124557495115;11.49647617340088;11.508471488952637;11.499238967895508;11.335694313049316;11.137359619140623;11.48092555999756;11.48823070526123;11.091353416442873;11.45068645477295;10.334308624267578;11.242063522338867;11.505830764770508;10.33364486694336;10.333640098571776;11.334260940551758;11.310401916503906;10.33536148071289;10.475934028625488;11.41968059539795;10.33375072479248;11.437958717346191;10.333744049072266;11.315848350524902;10.445343017578123;10.334339141845703;10.899203300476074;10.333627700805664;10.69805908203125;11.325867580575418;10.074141462752506;11.433585441150496;11.391243589427445;10.843921051289035;11.041659151637214;10.871135184243045;11.369052007001388;10.85096815098244;10.807354922057604;11.50382573799575;10.335390354693924;11.283088353024002;11.14338321398982;10.458406613236534;10.902375114486023;11.369597346278676;11.020285500844649;10.76983784362944;11.368506461507693;11.271463027904376;9.461479447286155;11.463013413449692;11.342630298678408;11.720671786825555;10.915879378835774;10.048486873992337;11.200285605224298;11.025831668332026;10.694357887221452;11.778487861222372;11.064742764750257;11.273795599214264;11.141468555393084;11.203348002979762;10.648357582009666;9.30149619498255;11.011926066306808;10.992938336165814;11.035486451292154;11.340406490853294;11.352595231134304;11.239001757765582;11.661778097771988;11.213104219641906;11.3292357417338;10.90839262077375;11.051208940914766;11.61056350392504;11.29634268469289;11.156715144224702;11.419433550705378;11.714245517666123;10.754887502163468;10.981567281903017;10.734709620225836;11.140190703191836;11.339850002884624
11.378661155700684;10.427268028259276;10.154013633728027;10.153846740722656;11.411439895629885;11.180794715881348;10.636235237121582;11.089678764343262;10.15382957458496;10.153858184814451;10.2517671585083;11.459598541259766;10.827155113220217;10.845582008361816;10.154862403869627;11.47196102142334;11.431646347045898;10.510915756225586;10.727283477783203;10.797481536865234;11.470287322998049;11.229103088378906;11.321171760559082;10.46149444580078;10.852401733398438;11.465862274169922;10.15382957458496;11.472039222717283;10.157039642333984;10.467195510864258;11.472086906433104;11.472195625305176;10.154255867004396;11.107662200927734;10.747440338134766;10.154147148132324;11.471656799316406;11.45525360107422;11.467615127563477;10.154291152954102;10.714507102966309;11.472196578979492;10.47400951385498;10.153912544250488;10.161988258361816;10.845582008361816;11.449713706970217;10.15385627746582;10.154241561889648;11.378661155700684;11.1732177734375;11.472017288208008;10.846524238586426;11.308660507202148;10.154050827026367;11.426104545593262;10.15382957458496;10.284601211547852;10.430452551665532;9.91737207947684;9.988684686772164;9.951284714966972;9.328674927327947;8.665335917185176;9.73640193131829;10.030667136246942;9.312882955284357;8.682994583681683;9.7431513941125;8.50382573799575;9.30149619498255;9.44086916761087;9.560332834212442;9.273795599214264;10.124121311829189;9.800899899920305;9.824958740528524;9.4797802640291;9.65642486327778;9.682994583681683;9.935165049603697;9.29920801838728;9.326429487122304;9.310612781659527;9.271463027904376;9.932214751968385;9.52552080909507;9.019590728357882;10.109830654278792;9.99717948093762;9.92481250360578;9.876516946565;9.43879185257826;9.49585502688717;9.584962500721156;9.89026427702111;9.543031820255235;10.26795708440284;10.40832974076739;9.355351096424812;9.366322214245816;9.804131021183318;10.406205005418856;10.095397022792556;9.584962500721156;9.689997971419446;9.566054038171092;9.86573327085176;9.477758266443889;9.35974956032233;9.477758266443889;9.344295907915816;9.968666793195208;8.459431618637296;9.562242424221072;9.105908508571158
8.867098808288574;9.373708724975586;10.595547676086426;11.021512985229492;8.688427925109863;8.715954780578613;10.42855453491211;9.5526123046875;8.68819522857666;8.717192649841309;9.094890594482422;10.176641464233398;8.753978729248047;10.075982093811035;8.688250541687012;8.740166664123535;11.01536464691162;11.075509071350098;8.782554626464844;11.06734561920166;8.738612174987793;11.075501441955566;8.877338409423828;11.07565975189209;10.812780380249023;10.242072105407717;8.688161849975586;8.68824577331543;11.073528289794922;10.963010787963867;10.93936252593994;8.688390731811523;8.861507415771484;10.725090980529783;11.058798789978027;8.770045280456543;9.262782096862791;8.814509391784668;11.03505802154541;9.026164054870604;11.074586868286133;8.688617706298828;8.812702178955078;8.688161849975586;8.854721069335938;10.075982093811035;8.695272445678711;8.78982925415039;8.68919563293457;8.867098808288574;10.108794212341309;8.724806785583496;11.074873924255373;10.93974494934082;8.693477630615234;9.816274642944336;8.688163757324219;9.831276893615724;12.340406490853294;9.59245703726808;11.276706019892432;11.043027283594547;9.672425341971495;9.80896417491926;10.404077136241234;11.857980995127573;9.96289600533726;8.134426320220927;10.187352073200495;10.164906926675688;11.86573327085176;9.86418614465428;9.823367240046236;10.725366257895642;10.091435386323608;11.844705764411938;11.110483309816226;11.015415052386688;9.497851836951115;11.68650052718322;10.213104219641906;11.101975670949232;10.437752072323605;9.016808287686557;10.08746284125034;13.219168520462162;9.219168520462162;8.700439718141093;11.81658370778757;10.390168956200185;12.410981267043796;11.436711542137214;10.747353829478062;10.681238411777803;9.278449458220482;11.702172685365548;10.51668494930961;11.957102041562289;11.589651146514786;10.22881869049588;13.052058534626903;11.262682142362165;10.842350343413807;10.74819284958946;9.184875342908285;11.510764167917891;13.33119687715303;10.573647187493322;9.197216693110052;9.611024797307351;9.632995197142955;8.965784284662087;11.12347479824414;10.854089179870574;10.022367813028454;11.813380386924727
8.438826560974121;8.429642677307129;9.929431915283203;10.010395050048828;10.540059089660645;10.682839393615724;10.704879760742188;8.490057945251465;8.419310569763184;8.418925285339355;8.437175750732422;10.167250633239746;8.418892860412598;9.964859008789062;10.698237419128418;8.443182945251465;8.419626235961914;10.679585456848145;8.44551944732666;10.67555046081543;9.371110916137695;10.705339431762695;10.551411628723145;10.704479217529297;10.70571517944336;10.619799613952637;8.52535629272461;8.4544095993042;10.689519882202148;8.691031455993652;10.704668998718262;8.551714897155762;8.421136856079102;10.705625534057615;8.911062240600586;10.664568901062012;10.70197582244873;8.42241096496582;10.705716133117676;8.474924087524414;10.695544242858888;10.60183048248291;8.843794822692871;8.41904067993164;8.426675796508789;9.964859008789062;10.456111907958984;8.424901962280273;10.275388717651367;8.438826560974121;9.323974609375;8.763167381286621;9.959059715270996;10.705795288085938;8.420278549194336;8.902852058410645;8.421592712402344;10.244397163391112;8.379378367071261;9.06339508128851;9.627533884472792;9.047123912114026;9.62935662007961;6.409390936137702;10.014020470314934;8.049848549450562;8.321928094887362;9.63117705570398;10.564149489985732;8.124121311829187;7.366322214245816;10.825753832883112;9.651051691178928;8.467605550082997;7.179909090014935;7.768184324776926;10.63026712502677;9.047123912114026;7.948367231584678;10.900112062977456;9.052568050804153;9.824958740528524;7.066089190457772;7.894817763307944;6.303780748177103;9.837627933171404;8.569855608330947;9.321928094887362;9.721099188707186;7.087462841250339;8.361943773735241;8.353146825498083;9.965784284662089;11.041659151637214;9.335390354693924;11.263856019596082;7.643856189774724;10.703038388986418;11.894817763307945;9.422064766172811;9.840777923595054;10.800899899920305;11.10000522442272;11.817383427897232;9.388017285345136;8.721099188707186;10.130570562805426;9.403012023574997;8.686500527183219;7.906890595608519;10.127994320976391;7.499845887083206;5.832890014164741;8.159871336778389;7.392317422778761;6.94251450533924
11.290942192077637;11.190023422241213;11.14332389831543;11.14332103729248;12.126405715942385;12.08737087249756;11.32094955444336;11.21302604675293;11.14332103729248;11.143391609191896;11.147859573364258;11.889707565307615;12.106618881225586;11.680937767028809;12.061880111694336;12.15514087677002;11.38640594482422;12.154208183288574;11.230849266052246;11.953190803527832;11.796648979187012;12.11290168762207;12.083124160766602;12.13868522644043;11.557602882385254;12.14925479888916;11.152423858642578;12.153862953186035;11.14976406097412;11.707685470581056;12.155179977416992;12.154502868652344;11.567872047424316;11.987871170043944;11.45619773864746;11.40933609008789;12.15505599975586;11.912771224975586;12.153011322021484;11.143420219421388;12.032870292663574;12.15524959564209;11.153614044189451;11.143388748168944;11.247519493103027;11.680937767028809;11.502067565917969;11.143362998962402;11.34507179260254;11.290942192077637;12.104211807250977;12.155160903930664;11.9702787399292;11.340192794799805;11.166163444519045;11.683900833129885;11.14332103729248;11.290624618530272;11.401412878714178;11.199672344836364;11.712097051087548;11.423641195075856;11.4241662888181;11.090112419664289;11.047805554007589;11.323617763291578;11.448632567730552;11.221587121264806;11.98049663618346;10.279610581052484;11.395534135462302;11.4893462407191;10.787086324551616;11.319107575824985;12.002463438892535;11.373408960228696;11.569380959522295;11.511258495502268;11.46352437327118;10.320800548881635;11.930737337562888;11.014717929860009;11.366322214245816;11.63390340934852;10.922584402713664;11.041659151637214;10.91139198784346;11.076815597050832;11.93110683302934;11.95383268214528;11.252665432450248;11.092757140919852;11.219773550892874;10.972261848733291;10.547858506058416;11.227014193649133;11.565102078360312;11.59105477403678;11.95383268214528;11.16679075071818;10.933690654952231;11.381542951184583;11.183635381473218;11.91139198784346;10.91139198784346;10.649256177517314;11.077483356859508;11.617467465294196;11.618385502258606;11.71639078949768;12.390437689560535;11.06204613772049;11.200285605224298;10.639340708652233;11.576484346796851;10.948367231584678
13.800684928894045;14.003689765930176;13.634379386901855;9.521143913269045;12.18173599243164;13.96421718597412;12.96865463256836;12.934185981750488;8.93272590637207;11.6211576461792;8.947357177734375;14.056648254394531;8.960053443908691;13.384174346923828;8.975638389587402;14.019489288330078;9.036608695983888;11.86850643157959;9.101146697998049;13.613521575927734;14.073798179626465;13.08803653717041;14.01655387878418;11.181703567504885;8.936165809631348;12.762028694152832;8.932713508605957;14.071897506713867;10.37159538269043;13.582071304321287;12.436816215515137;13.577601432800291;9.21770477294922;13.9201021194458;12.952645301818848;8.96675968170166;14.073474884033203;13.807930946350098;14.063187599182127;8.973925590515137;13.894787788391112;13.547569274902344;14.061256408691406;8.933260917663574;8.953001022338867;13.384174346923828;14.073996543884276;8.933005332946777;8.972265243530273;13.800684928894045;8.976412773132324;12.92806625366211;12.22946834564209;14.062871932983398;8.932723045349121;11.798274040222168;9.151853561401367;13.81447982788086;6.409390936137702;7.321928094887363;6.087462841250339;6.930737337562887;6.475733430966398;6.066089190457772;6.475733430966398;6.426264754702098;5.78135971352466;8.308339030139408;6.357552004618084;4.807354922057604;6.149747119504682;5.491853096329675;5.832890014164741;6.169925001442312;7.426264754702098;5.807354922057604;7.339850002884624;6.94251450533924;6.523561956057013;4.857980995127572;9.733015321685963;5.614709844115208;5.78135971352466;5.247927513443585;6.0;7.539158811108031;6.954196310386875;4.392317422778761;4.643856189774724;6.9886846867721655;6.507794640198696;5.857980995127572;4.807354922057604;6.507794640198696;10.915879378835774;7.78135971352466;5.426264754702098;4.643856189774724;5.20945336562895;6.149747119504682;5.727920454563199;5.807354922057604;6.507794640198696;5.882643049361842;5.321928094887363;5.906890595608519;5.672425341971495;6.066089190457772;5.459431618637297;5.832890014164741;10.266786540694902;5.930737337562887;7.451211111832329;5.523561956057013;5.857980995127572;5.977279923499917
13.286826133728027;14.242645263671877;13.438776016235352;13.278849601745604;13.279223442077637;14.041316032409668;13.394256591796877;14.277166366577148;13.274372100830078;13.29061794281006;13.2744140625;14.34938144683838;14.358375549316406;14.056526184082031;13.308868408203123;14.265993118286133;14.073192596435549;14.31523323059082;13.62596035003662;14.227928161621094;13.329639434814451;14.356627464294434;14.139737129211426;14.334646224975586;13.6438570022583;14.355565071105955;13.279611587524414;14.313762664794922;13.27919864654541;14.322213172912598;14.360292434692385;14.359907150268556;14.257301330566406;14.074332237243652;14.230120658874512;13.673100471496582;14.360295295715332;14.349390983581545;14.357908248901367;13.274465560913086;14.297797203063965;14.360465049743652;13.274627685546877;13.274372100830078;13.379819869995115;14.056526184082031;13.467119216918944;13.274469375610352;13.334372520446776;13.286826133728027;13.745863914489746;13.48924446105957;14.346392631530762;13.884995460510254;13.27437686920166;14.047386169433594;13.274372100830078;14.008747100830078;13.818082819530185;13.531015866467587;13.794314321740464;13.680359523513712;13.478769619475765;13.285402218862249;13.655530723155644;13.690761908445976;13.089119397915168;13.208234358339787;13.941872920545068;12.866313015702191;13.527477006060396;13.70746698503506;13.084144010615145;13.234368389756364;13.835063492005094;13.637190894068558;13.916905776411634;13.741256297092136;13.782281596148096;13.109830654278792;13.896994559466018;13.608947814565514;13.836937955001847;13.596772122051034;13.088622630607802;13.94379681959879;13.376125389276174;12.898790308381212;14.16843708133339;14.000264141169616;13.703795453757808;13.430975172588068;13.540975578809254;13.35576402254724;12.732379446391358;13.640244936222343;13.30677374464288;13.86379910372885;14.114637062485798;13.759992179981;13.940680648424092;13.908767882849189;13.48608080265197;14.11902215717152;13.375446761369174;13.525398458669615;13.931753222471858;13.552789157019262;13.491727856949336;13.59840149706873;14.114311709822552;13.043198208900224;13.42324724931064;13.510887765694012;13.670766880999242;13.759888183221834
10.12636661529541;11.021688461303713;11.285075187683104;10.56429672241211;10.122633934020996;11.279155731201172;10.2008638381958;11.305636405944824;10.129963874816896;11.347054481506348;10.122419357299805;11.323275566101074;11.237213134765623;10.74879550933838;11.369242668151855;11.375935554504396;10.133403778076172;11.365188598632812;10.699373245239258;11.184734344482422;11.29510498046875;11.363609313964844;11.088339805603027;11.37098217010498;10.253101348876951;11.339024543762209;11.37995719909668;11.349377632141112;10.123851776123049;10.303437232971191;11.307014465332031;11.379950523376465;11.376975059509276;11.23951530456543;10.378866195678713;11.361600875854492;11.379940032958984;10.36042594909668;11.376216888427734;10.122685432434082;11.188583374023438;11.37682819366455;10.125767707824709;10.12242603302002;10.841659545898438;10.74879550933838;11.371322631835938;10.12802505493164;11.344684600830078;10.12636661529541;10.2139310836792;10.12282943725586;10.41599464416504;11.291516304016112;10.122418403625488;10.74990177154541;10.122431755065918;11.037456512451172;11.401412878714178;10.020979938904212;11.92184093707449;11.221587121264806;10.59618975614441;11.41679752760606;11.057991722759176;11.282509306240836;11.62844554013718;11.085472459181284;11.658211482751796;10.158609688214478;11.6965329140783;10.67595703294175;10.868822554775;11.451726268074506;11.965784284662089;11.532842910961282;10.8649599151426;11.721953612801386;10.711666973564348;8.539158811108031;12.06373212019692;11.422064766172811;10.943247395901553;11.373408960228696;10.489847960439295;10.970105890612182;11.461479447286155;11.151650829973422;11.013322673425447;11.837627933171404;11.798471801101618;11.38586240064146;10.94251450533924;10.266786540694902;8.584962500721156;10.63390340934852;11.942147920394849;10.532355925288847;11.250298417906333;10.754887502163468;11.491853096329674;11.287712379549449;11.935165049603697;10.498849206531723;11.11829223302699;10.94617524072356;11.377210530388552;11.732167425663384;10.900112062977456;11.068778277985412;11.38586240064146;11.423641195075856;11.642051692927977;10.456354415108288;11.449148645375436;11.047123912114026
8.43616771697998;8.987014770507812;8.768213272094727;9.85315990447998;8.436182975769043;8.520224571228027;11.00631046295166;8.49557876586914;11.0774564743042;10.52530288696289;8.441972732543945;8.500065803527832;10.15231227874756;9.380607604980469;11.086355209350586;10.83688259124756;8.43817138671875;9.852046966552734;8.795082092285156;10.592679977416992;8.437199592590332;10.999852180480955;8.889833450317383;8.867812156677246;11.056275367736816;10.963844299316406;11.086355209350586;8.761500358581543;8.461050987243652;8.613862037658691;8.95698356628418;10.711573600769045;11.086267471313477;9.87579345703125;10.483638763427734;11.08633518218994;9.401692390441896;8.60814380645752;11.06194305419922;8.762557029724121;10.242426872253418;8.580170631408691;8.436786651611328;8.520553588867188;11.085489273071287;9.380607604980469;8.482344627380371;10.286619186401367;10.980319023132324;8.43616771697998;8.679883003234863;8.436753273010254;8.460079193115234;11.018104553222656;9.296544075012209;8.562457084655762;9.044062614440918;9.799983978271484;12.056299014550335;10.566054038171092;12.14974711950468;11.55026580686874;11.023754353299417;11.576484346796851;11.527965641133957;12.382083590141969;11.490349505739289;12.098690096673591;11.618844301766652;10.507794640198696;11.332036548361652;10.880348808156027;11.04916787237217;11.808159772868375;12.161761743304677;12.054604317960672;11.410981267043796;12.2428763671664;11.94617524072356;8.679480099505446;12.101647450030766;11.89822347121556;11.035486451292154;11.955649907528374;11.050528905530555;11.12605911607068;11.54061240824953;10.31174831500496;11.45994384837493;12.019590728357882;11.57601187420678;11.57459352733761;11.207014320177532;10.57459352733761;9.29232163280204;11.332596057789214;11.970824901362615;10.89178370321831;11.153552031708111;12.113416611485944;11.216139556425135;11.049848549450562;11.614709844115207;10.610102062999664;10.905387005018133;11.4578938373147;11.197830998012195;11.712527000439824;11.908017261062804;12.376939321619846;12.188279751964144;12.000704269011246;11.81818270494864;10.96650545190574;11.701306461958623;12.326429487122304
10.815982818603516;11.922799110412598;10.807287216186523;10.806787490844728;10.809622764587402;11.867192268371582;10.842937469482422;11.63213062286377;10.80696964263916;11.8947114944458;10.806754112243652;11.939530372619627;11.950098037719728;11.34631633758545;11.697210311889648;11.56480884552002;11.822941780090332;11.803960800170898;11.804359436035156;11.451041221618652;10.80678367614746;11.81050968170166;11.726558685302734;11.90623664855957;11.498414993286133;11.930727005004885;11.950106620788574;10.809492111206056;10.806700706481934;11.847753524780272;11.049076080322266;11.882102966308594;11.950101852416992;11.482253074645996;11.267414093017578;11.944363594055176;11.840277671813965;11.720142364501951;10.873151779174805;10.807048797607422;11.353008270263672;10.86254596710205;10.806818962097168;10.807636260986328;11.948155403137209;11.34631633758545;10.810227394104004;10.825590133666992;11.92699146270752;10.815982818603516;11.876261711120604;10.80670166015625;11.930730819702148;10.83131217956543;10.80716323852539;11.321887969970703;10.80669116973877;11.71621799468994;11.934796592178404;10.375039431346924;11.96902670215077;11.871905237659186;10.980853606379736;11.328674927327947;11.57459352733761;11.650154213675094;11.508785162064513;11.105253779700885;11.952013164889486;10.53818893205242;11.55026580686874;11.476746203939468;10.71853287606922;11.239598529249124;11.90275194485016;11.894059846274022;11.03342300153745;11.817783121774534;11.410981267043796;9.353146825498085;11.813781191217036;11.63117705570398;11.541580659991167;11.71853287606922;10.970824901362615;11.29174628083394;11.40832974076739;11.570330101030798;12.061033601681112;11.658657792126084;12.02271457304476;11.494355603532846;11.330356716957944;11.058668250340572;9.787902559391432;11.400345796534694;11.574120435009748;11.088125692188209;11.571278618514595;11.637077657143664;11.667111542075029;12.043027283594547;11.983349927676455;11.302638923787551;11.528942415064895;11.326991174900815;11.780129619625306;11.593857938858225;11.386940245324311;11.57553924683453;12.28828934218097;11.35424938194524;11.42574042431621;11.00842862207058;11.627989784315703;11.718104713121756
4.229115009307861;4.053128719329834;8.845932960510254;8.843873977661133;8.809950828552246;8.822729110717773;7.786052227020264;8.84516429901123;3.952275276184082;3.9064595699310303;3.907551050186157;4.710268497467041;8.584856986999512;7.265885353088379;8.372574806213379;5.950908660888672;3.9274072647094727;8.807068824768066;7.142941951751709;8.540738105773926;4.450156211853027;8.655450820922852;7.894570827484131;8.737080574035645;5.743617057800293;8.52294635772705;4.495940685272217;5.14332389831543;6.138732433319092;4.211252212524414;8.790706634521484;8.845952033996582;3.90932846069336;8.823851585388184;3.914563417434693;3.985342502593994;8.842775344848633;5.179214000701904;8.844968795776367;3.9067630767822266;8.269052505493164;8.845874786376953;3.928155660629273;3.906452894210816;3.906439065933228;7.265885353088379;7.434728145599365;3.914352655410767;7.989909648895264;4.229115009307861;4.058499813079834;7.7437262535095215;3.973909378051758;8.841039657592773;3.906424999237061;7.957200050354004;3.9104273319244394;8.323609352111816;7.312882955284356;6.044394119358453;7.86418614465428;5.906890595608519;7.636624620543649;5.614709844115208;6.022367813028454;6.727920454563199;7.426264754702098;4.459431618637297;8.353146825498083;6.539158811108031;8.038918989292302;7.076815597050831;7.118941072723508;7.276124405274237;6.768184324776926;7.118941072723508;7.366322214245816;6.087462841250339;6.022367813028454;6.727920454563199;7.199672344836364;4.584962500721156;4.954196310386875;7.741466986401146;6.569855608330948;7.149747119504682;4.584962500721156;5.700439718141092;7.129283016944966;7.888743248898259;6.20945336562895;6.426264754702098;7.357552004618084;7.599912842187128;4.700439718141092;7.276124405274237;6.7414669864011465;6.442943495848728;8.285402218862249;6.700439718141092;6.392317422778761;6.523561956057013;7.686500527183218;6.894817763307944;6.20945336562895;7.011227255423254;7.179909090014935;8.262094845370179;5.906890595608519;5.426264754702098;8.405141463136344;6.303780748177103;2.584962500721156;6.6865005271832185;6.459431618637297;6.832890014164741
14.361811637878418;15.551198959350586;14.661792755126951;14.535355567932127;14.356514930725098;15.753291130065918;14.400834083557127;15.782062530517578;14.355857849121094;14.585527420043944;14.35585880279541;15.795838356018066;15.79548454284668;15.68091106414795;14.363439559936523;15.294171333312988;15.6024751663208;15.624707221984863;15.343189239501951;15.426721572875977;14.47415542602539;15.78794288635254;15.664605140686035;15.788447380065918;15.389846801757812;15.797286987304688;15.45860195159912;14.407026290893556;14.355923652648926;15.579177856445312;15.787403106689451;15.797948837280272;15.664421081542969;15.644205093383787;15.078570365905762;14.60353946685791;15.797588348388672;15.529901504516602;15.77237033843994;14.3558931350708;15.71570873260498;15.795275688171388;14.35601806640625;14.355840682983398;14.7410888671875;15.68091106414795;15.028121948242188;14.356542587280272;14.502477645874023;14.361811637878418;14.70707893371582;14.355932235717772;15.72359848022461;15.261756896972656;14.355838775634766;15.556026458740234;14.355838775634766;15.021244049072266;14.822172461476178;13.37870126796422;14.852968337174042;14.904869783617666;14.247927513443583;14.722540735969362;14.441063762630506;15.02293125573856;14.319601564886783;15.073430311866192;14.92379171782687;13.348174867535556;14.790195747095956;14.557344030489888;12.644982855229008;13.870557374326417;15.16588839197123;15.019025979241784;14.423312914408893;15.110157018954066;14.607792641919213;12.607099094093552;15.134025159291586;14.576661484134036;14.757442098801803;14.648582283363735;13.63469762629172;15.340441264225216;14.385997175272871;14.251334464658855;15.00838485031916;15.068904206064827;15.223473835943883;14.764612462753195;14.54617100226735;14.12339396367116;12.943064208162005;14.4261336899697;14.588187580904568;14.192986251177649;14.455519875047573;14.773190730622517;14.744150581488247;15.086882596749067;14.97280033522448;14.410451351503994;14.502334580197996;14.568371812004647;15.304315667430634;14.676452984336713;14.795938178447551;14.926295994781112;15.578520114240414;14.184875342908285;14.710483598869924;13.69522829149575;14.73184933613704;15.501526225737198
10.76890468597412;11.09512996673584;11.230254173278809;12.03395652770996;10.768884658813477;11.041698455810549;11.59488296508789;10.929840087890623;10.790281295776367;10.824213027954102;10.768905639648438;11.926607131958008;12.033858299255373;11.887535095214844;11.872393608093262;12.016217231750488;11.224560737609863;11.115169525146484;10.839710235595703;11.724699020385742;10.8026123046875;11.979570388793944;11.38932991027832;11.28632640838623;11.986379623413086;11.90591049194336;12.034393310546877;10.873987197875977;10.78188133239746;11.31426239013672;12.011018753051758;12.034399032592772;11.883474349975586;11.61020851135254;11.992231369018556;11.488932609558104;11.935789108276367;11.999866485595703;12.010465621948242;10.76918601989746;11.827282905578612;12.023502349853516;10.768980026245115;10.768885612487791;11.863712310791016;11.887535095214844;10.804097175598145;11.501801490783691;10.78081512451172;10.76890468597412;10.883736610412598;10.76888656616211;11.272784233093262;11.786794662475586;10.76891040802002;11.414324760437012;10.768885612487791;10.870248794555664;11.574120435009748;10.876516946565;11.532355925288847;11.375039431346924;11.053925881531104;11.407798850221974;11.15608307628868;11.63390340934852;10.826548487290914;11.382624026574916;11.579315937580017;10.338736382573916;11.23421867823847;11.451726268074506;10.558420713268664;11.131856960608792;11.380461065088973;11.561765263627708;11.263856019596082;11.556984957594462;11.37937836707126;10.456354415108288;11.554588851677638;11.242578689451346;11.164906926675688;11.452241240430816;10.772314573921651;11.287135186086704;11.413098984915264;10.586839787961829;11.804937672051908;11.386401423640775;11.192292814470768;11.26209484537018;11.319107575824985;11.02167404285837;10.31628153174622;11.453270634010623;11.162391328756906;11.378836713210614;11.682994583681683;11.535275376620802;11.779719355143405;11.679480099505446;11.284824100224624;11.614709844115207;11.129926933510394;11.237807473723135;11.382083590141969;11.270879295328784;11.458406613236534;11.281350514981035;11.935533412950749;10.939579214314692;11.25797705856398;11.00842862207058;11.335948565202298;11.382083590141969
11.063817977905272;10.17238998413086;10.087440490722656;10.087432861328123;11.215957641601562;10.854379653930664;11.20138931274414;10.09423828125;10.087432861328123;10.087529182434082;11.181840896606444;10.17299747467041;10.101436614990234;10.739364624023438;11.216049194335938;11.216070175170898;10.15328311920166;11.115767478942873;10.156232833862305;10.9966459274292;10.131668090820312;11.065256118774414;10.571515083312988;10.537161827087402;10.087748527526855;10.454415321350098;10.087510108947754;11.213658332824709;10.183204650878906;10.254972457885742;11.208855628967283;11.105027198791504;10.65593147277832;10.950326919555664;10.852295875549316;10.29660415649414;11.177785873413086;10.28115177154541;11.190184593200684;10.115843772888184;10.719803810119627;11.21404266357422;11.08146858215332;11.087393760681152;11.091864585876465;10.739364624023438;11.213715553283691;10.087478637695312;10.281131744384766;11.063817977905272;10.959800720214844;11.216072082519531;10.352978706359863;11.05766773223877;10.982202529907228;11.02353858947754;11.089685440063477;10.943129539489746;10.404077136241234;12.170863950411928;10.18239435340453;10.281930026955443;9.933690654952231;9.73809225962049;10.404077136241234;10.205793249397155;9.61286849729104;10.116343961237469;9.876516946565;10.304921669581672;9.517669388133813;9.99859042974533;10.963618617443972;10.50084187955693;10.109830654278792;10.50382573799575;10.187352073200495;10.754052367528924;10.772314573921651;9.776433032444732;10.184875342908285;10.200898605038445;10.466586337719244;10.281930026955443;10.894817763307945;9.99859042974533;10.059344460824423;8.566054038171092;9.98299357469431;10.591522346570734;10.098032082960527;10.0566377151132;10.018200178813226;9.37937836707126;10.778898476008376;9.89178370321831;9.946906274456396;9.9901039638575;9.897845456005513;10.216745858195306;10.73047013718422;10.277287400130357;9.483815777264256;9.78135971352466;9.353146825498085;10.265615046484458;9.86418614465428;10.350939181546432;10.4655664048094;10.336506559810257;10.684748620421626;9.84862294042934;10.016808287686557;10.318542809702723;10.61654884377899;10.213104219641906
12.192520141601562;13.222047805786133;12.192846298217772;12.19206714630127;12.28240966796875;13.166378021240234;12.346206665039062;12.473676681518556;12.192421913146973;13.204105377197266;12.192078590393066;13.203993797302246;13.21904468536377;13.075322151184082;13.226548194885254;13.205620765686035;12.203143119812012;13.21580410003662;13.086630821228027;13.082430839538574;12.19211769104004;13.166376113891602;13.118990898132324;13.202588081359863;12.457526206970217;13.225570678710938;13.226637840270996;12.765096664428713;12.19210433959961;12.977957725524902;12.306601524353027;13.170846939086914;13.226635932922363;12.737451553344728;12.69948673248291;13.226381301879885;13.226581573486328;12.640961647033691;13.062785148620604;12.192145347595217;13.059306144714355;12.33065128326416;12.192193984985352;12.24002742767334;13.2221097946167;13.075322151184082;13.169779777526855;12.194579124450684;13.225829124450684;12.192520141601562;13.034948348999023;12.19211769104004;12.845573425292969;12.541165351867676;12.192272186279297;12.536965370178224;12.192072868347168;13.115918159484863;13.38424412224308;12.480790201095816;13.521968427237743;13.561645948816334;12.930552554336137;12.919235786028349;13.371504412043336;13.353146825498085;13.48947168700768;13.099183410079286;13.75811909036878;12.498101243994851;13.233020426474496;13.043198208900224;12.69631555889282;12.952195219914133;13.733862719678545;13.614709844115207;13.08663384907624;13.865636624056153;13.451339918139356;10.181152256865566;13.795532385591804;13.189052362190337;13.43879185257826;13.385592813601365;12.991521846075695;12.747353829478062;13.474466464132632;12.085804380278086;13.390168956200185;13.973248920483805;13.566054038171092;13.028596777067108;13.194756854422248;12.674633661767269;12.046441948007311;12.855647166027266;13.66289085913906;12.637983303777853;13.057991722759176;13.352457299584804;12.961449694398196;13.535761377986656;13.76497522889862;12.826151214800207;13.08746284125034;12.898790308381212;13.28699085163199;13.438142077743654;13.091765938516804;13.16427843830117;14.11683127589871;13.106562940444883;13.47813760691872;12.976385117888592;13.562242424221072;13.405806268936267
2.172785758972168;2.94921875;4.275188446044922;4.4775919914245605;3.734240293502808;1.5251129865646362;0.97717547416687;4.467810153961182;2.4853291511535645;0.936476230621338;2.1950926780700684;2.2804672718048096;2.178513526916504;4.229618072509766;0.926978588104248;0.9589236974716188;4.212801933288574;4.488107681274414;2.0722341537475586;4.47152853012085;4.453756809234619;4.4878830909729;0.935920476913452;4.488093852996826;3.851959466934204;4.323287487030029;0.927021861076355;4.183704853057861;4.487244606018066;0.9289846420288086;4.486135482788086;4.487983226776123;1.0710052251815796;1.3276983499526978;2.0234262943267822;0.9559828042984008;4.446355819702148;1.080832839012146;1.8324483633041384;4.257378578186035;1.118850588798523;4.485497951507568;1.1798266172409058;0.9270296096801758;1.2174713611602783;4.229618072509766;4.488121032714844;3.5166826248168945;1.222425937652588;2.172785758972168;4.487815856933594;4.431000709533691;3.929637670516968;4.458444595336914;0.9865624904632568;4.443017482757568;0.9273303747177124;1.0318856239318848;3.4594316186372973;3.700439718141092;3.0;2.584962500721156;2.0;3.0;2.584962500721156;3.906890595608519;1.0;2.321928094887362;3.584962500721156;1.0;3.906890595608519;3.0;3.700439718141092;2.0;3.4594316186372973;3.0;3.169925001442312;2.321928094887362;2.584962500721156;3.4594316186372973;4.169925001442312;1.584962500721156;2.321928094887362;1.584962500721156;3.0;4.754887502163468;2.0;2.807354922057604;2.807354922057604;2.321928094887362;3.584962500721156;3.169925001442312;4.087462841250339;3.4594316186372973;3.584962500721156;3.906890595608519;3.169925001442312;3.4594316186372973;4.906890595608519;3.700439718141092;4.0;2.584962500721156;2.321928094887362;3.321928094887362;1.584962500721156;3.0;4.392317422778761;4.321928094887363;2.807354922057604;1.0;2.584962500721156;3.169925001442312;3.906890595608519;3.0;4.392317422778761;2.321928094887362
11.533522605895996;12.357230186462402;11.522594451904297;11.522168159484863;11.522310256958008;11.88606071472168;11.734160423278809;12.275249481201172;11.522194862365724;12.361469268798828;11.522303581237791;12.342594146728516;12.425541877746582;12.132129669189451;12.431564331054688;12.432793617248535;12.22846221923828;12.32944107055664;12.305882453918455;12.291961669921877;11.526470184326172;12.338196754455566;11.79826545715332;12.22008228302002;11.560882568359377;12.39450454711914;12.432818412780762;12.009847640991213;11.522150039672852;11.655795097351074;11.83102035522461;12.431236267089844;12.432805061340332;11.79379177093506;12.285316467285156;12.41258430480957;12.418623924255373;12.186358451843262;12.216793060302734;11.522412300109863;12.109858512878418;11.890714645385742;11.523685455322266;11.52566909790039;12.432608604431152;12.132129669189451;12.216623306274414;11.52323055267334;12.18591022491455;11.533522605895996;12.26807689666748;11.52285385131836;12.007086753845217;11.635467529296877;11.522278785705566;12.316781044006348;11.522150039672852;11.97122573852539;12.814382188951573;11.943247395901553;12.581906689308768;12.268249571994492;11.791162888555018;12.223096690347695;12.325024310191417;12.734497941692572;12.380731612682997;12.104926303807776;12.555547771647063;11.63390340934852;12.227315099905493;12.04507705193494;11.668884984266247;12.36112133473479;12.64430696154558;12.85739789170129;12.161446847518008;12.758639637024576;12.572700226487292;10.309476353841106;12.648357582009666;12.673309075561695;12.107870914279614;12.588714635582264;12.19598729802851;11.779719355143405;12.256208688527389;11.554588851677638;12.389093521904474;12.940313597145968;12.574357000565888;12.472437000051327;12.184255495405347;11.740624044489412;11.1705510353167;12.106235761615748;12.534546067459992;11.931845540183671;12.408595112798102;12.390437689560535;12.273212809854334;12.40992124124968;12.430452551665532;12.020979938904212;11.891403996665025;12.2246046815385;12.11178773580101;12.680359523513712;12.340406490853294;12.49760238678349;13.038747556217311;12.226412192788786;12.584257887744569;12.295768934420508;12.62890115202819;12.47218311618954
10.603008270263672;11.767220497131348;10.618334770202637;10.609843254089355;10.602727890014648;11.691515922546388;10.6240234375;11.639141082763672;10.60274600982666;10.886070251464844;10.60238552093506;11.797983169555664;11.80100917816162;11.28526496887207;10.686080932617188;10.63912582397461;11.309111595153809;11.642797470092772;11.049408912658691;11.13072109222412;10.604480743408203;11.782012939453123;11.739887237548828;11.77939796447754;11.754546165466309;11.796871185302734;11.800978660583496;10.804438591003418;10.602676391601562;11.777152061462402;11.75985050201416;11.796103477478027;11.800714492797852;11.174921989440918;11.071887969970703;11.78834629058838;11.789036750793455;11.787151336669922;11.17691707611084;10.602571487426758;11.123808860778809;11.789819717407228;10.60239601135254;10.602373123168944;11.64543628692627;11.28526496887207;10.612089157104492;10.61613941192627;11.589255332946776;10.603008270263672;11.197521209716797;10.602577209472656;11.779593467712402;10.752511024475098;10.602441787719728;10.770257949829102;10.602372169494627;11.284530639648438;11.66222330531784;10.830515206976838;11.81498293642679;11.609640474436812;11.137631598235428;11.247334178028728;11.257387842692651;11.552188759557149;11.052568050804153;11.338179249900112;11.782179193831208;10.4189067312579;11.558898981146704;11.568906154502084;10.59898297103609;11.152918576136624;11.746514321138465;11.388017285345136;11.337621901992508;11.603162679534382;11.724940118462358;10.198445041452365;12.07112712494831;11.61378946447258;11.743572188935634;11.59898297103609;10.345405246717796;11.724087461793989;11.205793249397155;11.130570562805426;12.231521210875703;11.33147682185962;11.837627933171404;11.293471648838134;11.4231159101471;11.094077685671904;9.897845456005513;11.334831928118;11.1006623390052;11.483815777264256;11.659995892429976;11.531381460516313;11.688250309133178;12.024447124040648;11.573647187493322;11.64430696154558;11.62113611327464;11.393390457443989;12.070791809423062;11.34318571544788;11.385323176175872;11.70606426733497;11.958915156091347;10.925554439873554;11.588714635582264;10.919608238603251;11.24555270625568;11.65284497300198
12.771020889282228;14.066726684570312;12.780229568481444;12.782118797302246;12.770180702209473;14.01522445678711;12.794836044311523;13.903413772583008;12.787976264953612;13.38550853729248;12.768272399902344;14.060418128967283;14.08981990814209;13.579666137695312;12.839070320129396;12.805013656616213;13.94810676574707;13.72744369506836;13.946161270141602;13.38051986694336;12.768250465393066;13.697976112365724;14.037759780883787;13.909859657287598;14.063538551330566;14.06479835510254;14.089820861816406;12.779022216796877;12.7684907913208;14.064623832702637;13.402334213256836;14.003682136535645;14.089685440063477;13.423140525817873;13.342047691345217;14.073506355285645;13.458592414855955;14.07433032989502;12.857030868530272;12.768891334533691;13.147592544555664;13.27833652496338;12.768125534057615;12.768330574035645;14.033519744873049;13.579666137695312;12.768218040466309;13.138815879821776;13.9470853805542;12.771020889282228;13.906601905822754;12.76811695098877;14.067157745361328;12.792856216430664;12.77950954437256;13.248385429382324;12.768096923828123;13.69846534729004;13.504074114520575;12.293759009667864;13.771902080697716;13.81678367937856;13.45249865769279;13.541580659991167;13.633222303800787;13.957827560833744;13.460327901362929;13.632768054728746;14.14950897897083;12.391780606013166;13.7638347994296;13.832296678749884;12.58660526060361;13.158294103604035;14.310541781140756;13.694684350366172;13.378836713210614;13.948458492301468;13.982280604558284;11.664891669286089;14.062214824659108;13.721526464007477;13.932491598812405;13.903317005908717;13.045418397030792;13.562480945349316;13.57104154760109;13.543394382361663;13.97235161044064;13.967586527296072;13.711666973564348;13.64622117183188;13.567718457850754;13.460583879901726;12.101975670949232;13.340823716009012;13.66111002874366;13.186578551633048;13.867085646616836;13.831604145543634;13.407666097055015;14.139391470419255;13.85817531057549;13.5907039951622;13.63117705570398;13.41903845415604;13.530772085621978;13.64374347482167;13.82326771294876;14.09341756438796;14.609986679703654;13.41481734468885;13.678710163506825;13.28424574982967;13.79644525906185;13.985130373466898
